Instance type,Instance family,Instance size,Availability zones,Free-Tier eligible,Bare metal,Hypervisor,vCPUs,Architecture,Cores,Valid cores,Threads per core,Valid threads per core,Sustained clock speed (GHz),Memory (MiB),Storage (GB),Local instance storage,Storage type,Storage disk count,EBS encryption support,EBS optimization support,Network performance,ENA support,Maximum number of network interfaces,IPv4 addresses per interface,IPv6 addresses per interface,IPv6 support,Supported placement group strategies,GPUs,FPGAs,Auto Recovery support,Supported root devices,Dedicated Host support,On-Demand Hibernation support,Burstable Performance support,Current generation,On-Demand Linux pricing,On-Demand Windows pricing
a1.2xlarge,a1,2xlarge,"us-west-2a, us-west-2c",false,false,nitro,8,arm64,8,8,1,1,2.3,16384,-,-,-,-,supported,default,Up to 10 Gigabit,required,4,15,15,true,"cluster, spread, partition",-,-,true,-,true,-,-,true,0.204 USD per Hour,
a1.4xlarge,a1,4xlarge,"us-west-2a, us-west-2c",false,false,nitro,16,arm64,16,16,1,1,2.3,32768,-,-,-,-,supported,default,Up to 10 Gigabit,required,8,30,30,true,"cluster, spread, partition",-,-,true,-,true,-,-,true,0.408 USD per Hour,
a1.large,a1,large,"us-west-2a, us-west-2c",false,false,nitro,2,arm64,2,2,1,1,2.3,4096,-,-,-,-,supported,default,Up to 10 Gigabit,required,3,10,10,true,"partition, spread, cluster",-,-,true,-,true,-,-,true,0.051 USD per Hour,
a1.medium,a1,medium,"us-west-2a, us-west-2c",false,false,nitro,1,arm64,1,1,1,1,2.3,2048,-,-,-,-,supported,default,Up to 10 Gigabit,required,2,4,4,true,"partition, spread, cluster",-,-,true,-,true,-,-,true,0.0255 USD per Hour,
a1.metal,a1,metal,"us-west-2a, us-west-2c",false,true,,16,arm64,-,-,-,-,2.3,32768,-,-,-,-,supported,default,Up to 10 Gigabit,required,8,30,30,true,"cluster, spread, partition",-,-,true,-,true,-,-,true,0.408 USD per Hour,
a1.xlarge,a1,xlarge,"us-west-2a, us-west-2c",false,false,nitro,4,arm64,4,4,1,1,2.3,8192,-,-,-,-,supported,default,Up to 10 Gigabit,required,4,15,15,true,"partition, spread, cluster",-,-,true,-,true,-,-,true,0.102 USD per Hour,
c1.medium,c1,medium,"us-west-2a, us-west-2b, us-west-2c",false,false,xen,2,"x86_64, i386",2,"1,2",1,1,,1740,350,true,hdd,1,unsupported,unsupported,Moderate,unsupported,2,6,-,-,"partition, spread",-,-,-,-,-,-,-,false,0.13 USD per Hour,0.21 USD per Hour
c1.xlarge,c1,xlarge,"us-west-2a, us-west-2b, us-west-2c",false,false,xen,8,"x86_64, i386",8,"1,2,3,4,5,6,7,8",1,1,,7168,1680,true,hdd,1,unsupported,supported,High,unsupported,4,15,-,-,"partition, spread",-,-,-,-,-,-,-,false,0.52 USD per Hour,0.84 USD per Hour
c3.2xlarge,c3,2xlarge,"us-west-2a, us-west-2b, us-west-2c",false,false,xen,8,"x86_64, i386",4,"1,2,3,4",2,"1,2",2.8,15360,160,true,ssd,1,supported,supported,High,unsupported,4,15,15,true,"cluster, spread, partition",-,-,true,-,true,true,-,false,0.42 USD per Hour,0.752 USD per Hour
c3.4xlarge,c3,4xlarge,"us-west-2a, us-west-2b, us-west-2c",false,false,xen,16,"x86_64, i386",8,"1,2,3,4,5,6,7,8",2,"1,2",2.8,30720,320,true,ssd,1,supported,supported,High,unsupported,8,30,30,true,"cluster, spread, partition",-,-,true,-,true,true,-,false,0.84 USD per Hour,1.504 USD per Hour
c3.8xlarge,c3,8xlarge,"us-west-2a, us-west-2b, us-west-2c",false,false,xen,32,"x86_64, i386",16,"2,4,6,8,10,12,14,16",2,"1,2",2.8,61440,640,true,ssd,1,supported,unsupported,10 Gigabit,unsupported,8,30,30,true,"partition, spread, cluster",-,-,true,-,true,true,-,false,1.68 USD per Hour,3.008 USD per Hour
c3.large,c3,large,"us-west-2a, us-west-2b, us-west-2c",false,false,xen,2,"x86_64, i386",1,1,2,"1,2",2.8,3840,32,true,ssd,1,supported,unsupported,Moderate,unsupported,3,10,10,true,"partition, spread, cluster",-,-,true,-,true,true,-,false,0.105 USD per Hour,0.188 USD per Hour
c3.xlarge,c3,xlarge,"us-west-2a, us-west-2b, us-west-2c",false,false,xen,4,"x86_64, i386",2,"1,2",2,"1,2",2.8,7680,80,true,ssd,1,supported,supported,Moderate,unsupported,4,15,15,true,"cluster, spread, partition",-,-,true,-,true,true,-,false,0.21 USD per Hour,0.376 USD per Hour
c4.2xlarge,c4,2xlarge,"us-west-2a, us-west-2b, us-west-2c",false,false,xen,8,x86_64,4,"1,2,3,4",2,"1,2",2.9,15360,-,-,-,-,supported,default,High,unsupported,4,15,15,true,"cluster, spread, partition",-,-,true,-,true,true,-,true,0.398 USD per Hour,0.766 USD per Hour
c4.4xlarge,c4,4xlarge,"us-west-2a, us-west-2b, us-west-2c",false,false,xen,16,x86_64,8,"1,2,3,4,5,6,7,8",2,"1,2",2.9,30720,-,-,-,-,supported,default,High,unsupported,8,30,30,true,"partition, spread, cluster",-,-,true,-,true,true,-,true,0.796 USD per Hour,1.532 USD per Hour
c4.8xlarge,c4,8xlarge,"us-west-2a, us-west-2b, us-west-2c",false,false,xen,36,x86_64,18,"2,4,6,8,10,12,14,16,18",2,"1,2",2.9,61440,-,-,-,-,supported,default,10 Gigabit,unsupported,8,30,30,true,"partition, spread, cluster",-,-,true,-,true,true,-,true,1.591 USD per Hour,3.091 USD per Hour
c4.large,c4,large,"us-west-2a, us-west-2b, us-west-2c",false,false,xen,2,x86_64,1,1,2,"1,2",2.9,3840,-,-,-,-,supported,default,Moderate,unsupported,3,10,10,true,"partition, spread, cluster",-,-,true,-,true,true,-,true,0.1 USD per Hour,0.192 USD per Hour
c4.xlarge,c4,xlarge,"us-west-2a, us-west-2b, us-west-2c",false,false,xen,4,x86_64,2,"1,2",2,"1,2",2.9,7680,-,-,-,-,supported,default,High,unsupported,4,15,15,true,"cluster, spread, partition",-,-,true,-,true,true,-,true,0.199 USD per Hour,0.383 USD per Hour
c5.12xlarge,c5,12xlarge,"us-west-2a, us-west-2b, us-west-2c, us-west-2d",false,false,nitro,48,x86_64,24,"2,4,6,8,10,12,14,16,18,20,22,24",2,"1,2",3.6,98304,-,-,-,-,supported,default,12 Gigabit,required,8,30,30,true,"partition, spread, cluster",-,-,true,-,-,true,-,true,2.04 USD per Hour,4.248 USD per Hour
c5.18xlarge,c5,18xlarge,"us-west-2a, us-west-2b, us-west-2c, us-west-2d",false,false,nitro,72,x86_64,36,"4,6,8,10,12,14,16,18,20,22,24,26,28,30,32,34,36",2,"1,2",3.4,147456,-,-,-,-,supported,default,25 Gigabit,required,15,50,50,true,"spread, cluster, partition",-,-,true,-,true,true,-,true,3.06 USD per Hour,6.372 USD per Hour
c5.24xlarge,c5,24xlarge,"us-west-2a, us-west-2b, us-west-2c, us-west-2d",false,false,nitro,96,x86_64,48,"2,4,6,8,10,12,14,16,18,20,22,24,26,28,30,32,34,36,38,40,42,44,46,48",2,"1,2",3.6,196608,-,-,-,-,supported,default,25 Gigabit,required,15,50,50,true,"cluster, spread, partition",-,-,true,-,-,-,-,true,4.08 USD per Hour,8.496 USD per Hour
c5.2xlarge,c5,2xlarge,"us-west-2a, us-west-2b, us-west-2c, us-west-2d",false,false,nitro,8,x86_64,4,"2,4",2,"1,2",3.4,16384,-,-,-,-,supported,default,Up to 10 Gigabit,required,4,15,15,true,"cluster, spread, partition",-,-,true,-,true,true,-,true,0.34 USD per Hour,0.708 USD per Hour
c5.4xlarge,c5,4xlarge,"us-west-2a, us-west-2b, us-west-2c, us-west-2d",false,false,nitro,16,x86_64,8,"2,4,6,8",2,"1,2",3.4,32768,-,-,-,-,supported,default,Up to 10 Gigabit,required,8,30,30,true,"partition, spread, cluster",-,-,true,-,true,true,-,true,0.68 USD per Hour,1.416 USD per Hour
c5.9xlarge,c5,9xlarge,"us-west-2a, us-west-2b, us-west-2c, us-west-2d",false,false,nitro,36,x86_64,18,"2,4,6,8,10,12,14,16,18",2,"1,2",3.4,73728,-,-,-,-,supported,default,10 Gigabit,required,8,30,30,true,"cluster, spread, partition",-,-,true,-,true,true,-,true,1.53 USD per Hour,3.186 USD per Hour
c5.large,c5,large,"us-west-2a, us-west-2b, us-west-2c, us-west-2d",false,false,nitro,2,x86_64,1,1,2,"1,2",3.4,4096,-,-,-,-,supported,default,Up to 10 Gigabit,required,3,10,10,true,"cluster, spread, partition",-,-,true,-,true,true,-,true,0.085 USD per Hour,0.177 USD per Hour
c5.metal,c5,metal,"us-west-2a, us-west-2b, us-west-2c, us-west-2d",false,true,,96,x86_64,-,-,-,-,3.6,196608,-,-,-,-,supported,default,25 Gigabit,required,15,50,50,true,"cluster, spread, partition",-,-,true,-,true,-,-,true,4.08 USD per Hour,8.496 USD per Hour
c5.xlarge,c5,xlarge,"us-west-2a, us-west-2b, us-west-2c, us-west-2d",false,false,nitro,4,x86_64,2,2,2,"1,2",3.4,8192,-,-,-,-,supported,default,Up to 10 Gigabit,required,4,15,15,true,"partition, spread, cluster",-,-,true,-,true,true,-,true,0.17 USD per Hour,0.354 USD per Hour
c5d.12xlarge,c5d,12xlarge,"us-west-2a, us-west-2c, us-west-2d",false,false,nitro,48,x86_64,24,"2,4,6,8,10,12,14,16,18,20,22,24",2,"1,2",3.6,98304,1800,true,ssd,1,supported,default,12 Gigabit,required,8,30,30,true,"partition, spread, cluster",-,-,-,-,-,-,-,true,2.304 USD per Hour,4.512 USD per Hour
c5d.18xlarge,c5d,18xlarge,"us-west-2a, us-west-2b, us-west-2c, us-west-2d",false,false,nitro,72,x86_64,36,"4,6,8,10,12,14,16,18,20,22,24,26,28,30,32,34,36",2,"1,2",3.4,147456,1800,true,ssd,1,supported,default,25 Gigabit,required,15,50,50,true,"cluster, spread, partition",-,-,-,-,true,-,-,true,3.456 USD per Hour,6.768 USD per Hour
c5d.24xlarge,c5d,24xlarge,"us-west-2a, us-west-2c, us-west-2d",false,false,nitro,96,x86_64,48,"2,4,6,8,10,12,14,16,18,20,22,24,26,28,30,32,34,36,38,40,42,44,46,48",2,"1,2",3.6,196608,3600,true,ssd,1,supported,default,25 Gigabit,required,15,50,50,true,"partition, spread, cluster",-,-,-,-,-,-,-,true,4.608 USD per Hour,9.024 USD per Hour
c5d.2xlarge,c5d,2xlarge,"us-west-2a, us-west-2b, us-west-2c, us-west-2d",false,false,nitro,8,x86_64,4,"2,4",2,"1,2",3.4,16384,200,true,ssd,1,supported,default,Up to 10 Gigabit,required,4,15,15,true,"partition, spread, cluster",-,-,-,-,true,-,-,true,0.384 USD per Hour,0.752 USD per Hour
c5d.4xlarge,c5d,4xlarge,"us-west-2a, us-west-2b, us-west-2c, us-west-2d",false,false,nitro,16,x86_64,8,"2,4,6,8",2,"1,2",3.4,32768,400,true,ssd,1,supported,default,Up to 10 Gigabit,required,8,30,30,true,"cluster, spread, partition",-,-,-,-,true,-,-,true,0.768 USD per Hour,1.504 USD per Hour
c5d.9xlarge,c5d,9xlarge,"us-west-2a, us-west-2b, us-west-2c, us-west-2d",false,false,nitro,36,x86_64,18,"2,4,6,8,10,12,14,16,18",2,"1,2",3.4,73728,900,true,ssd,1,supported,default,10 Gigabit,required,8,30,30,true,"spread, cluster, partition",-,-,-,-,true,-,-,true,1.728 USD per Hour,3.384 USD per Hour
c5d.large,c5d,large,"us-west-2a, us-west-2b, us-west-2c, us-west-2d",false,false,nitro,2,x86_64,1,1,2,"1,2",3.4,4096,50,true,ssd,1,supported,default,Up to 10 Gigabit,required,3,10,10,true,"partition, spread, cluster",-,-,-,-,true,-,-,true,0.096 USD per Hour,0.188 USD per Hour
c5d.metal,c5d,metal,"us-west-2a, us-west-2c, us-west-2d",false,true,,96,x86_64,-,-,-,-,3.6,196608,3600,true,ssd,1,supported,default,25 Gigabit,required,15,50,50,true,"cluster, spread, partition",-,-,-,-,true,-,-,true,4.608 USD per Hour,9.024 USD per Hour
c5d.xlarge,c5d,xlarge,"us-west-2a, us-west-2b, us-west-2c, us-west-2d",false,false,nitro,4,x86_64,2,2,2,"1,2",3.4,8192,100,true,ssd,1,supported,default,Up to 10 Gigabit,required,4,15,15,true,"cluster, spread, partition",-,-,-,-,true,-,-,true,0.192 USD per Hour,0.376 USD per Hour
c5n.18xlarge,c5n,18xlarge,"us-west-2a, us-west-2b, us-west-2c",false,false,nitro,72,x86_64,36,"4,6,8,10,12,14,16,18,20,22,24,26,28,30,32,34,36",2,"1,2",3.4,196608,-,-,-,-,supported,default,100 Gigabit,required,15,50,50,true,"cluster, spread, partition",-,-,true,-,true,-,-,true,3.888 USD per Hour,7.2 USD per Hour
c5n.2xlarge,c5n,2xlarge,"us-west-2a, us-west-2b, us-west-2c",false,false,nitro,8,x86_64,4,"2,4",2,"1,2",3.4,21504,-,-,-,-,supported,default,Up to 25 Gigabit,required,4,15,15,true,"partition, spread, cluster",-,-,true,-,true,-,-,true,0.432 USD per Hour,0.8 USD per Hour
c5n.4xlarge,c5n,4xlarge,"us-west-2a, us-west-2b, us-west-2c",false,false,nitro,16,x86_64,8,"2,4,6,8",2,"1,2",3.4,43008,-,-,-,-,supported,default,Up to 25 Gigabit,required,8,30,30,true,"partition, spread, cluster",-,-,true,-,true,-,-,true,0.864 USD per Hour,1.6 USD per Hour
c5n.9xlarge,c5n,9xlarge,"us-west-2a, us-west-2b, us-west-2c",false,false,nitro,36,x86_64,18,"2,4,6,8,10,12,14,16,18",2,"1,2",3.4,98304,-,-,-,-,supported,default,50 Gigabit,required,8,30,30,true,"partition, spread, cluster",-,-,true,-,true,-,-,true,1.944 USD per Hour,3.6 USD per Hour
c5n.large,c5n,large,"us-west-2a, us-west-2b, us-west-2c",false,false,nitro,2,x86_64,1,1,2,"1,2",3.4,5376,-,-,-,-,supported,default,Up to 25 Gigabit,required,3,10,10,true,"partition, spread, cluster",-,-,true,-,true,-,-,true,0.108 USD per Hour,0.2 USD per Hour
c5n.metal,c5n,metal,"us-west-2a, us-west-2b, us-west-2c",false,true,,72,x86_64,-,-,-,-,3.4,196608,-,-,-,-,supported,default,100 Gigabit,required,15,50,50,true,"cluster, spread, partition",-,-,true,-,true,-,-,true,3.888 USD per Hour,7.2 USD per Hour
c5n.xlarge,c5n,xlarge,"us-west-2a, us-west-2b, us-west-2c",false,false,nitro,4,x86_64,2,2,2,"1,2",3.4,10752,-,-,-,-,supported,default,Up to 25 Gigabit,required,4,15,15,true,"spread, cluster, partition",-,-,true,-,true,-,-,true,0.216 USD per Hour,0.4 USD per Hour
cc2.8xlarge,cc2,8xlarge,"us-west-2a, us-west-2b, us-west-2c",false,false,xen,32,x86_64,16,"2,4,6,8,10,12,14,16",2,"1,2",2.6,61952,3360,true,hdd,1,unsupported,unsupported,10 Gigabit,unsupported,8,30,-,-,"spread, cluster, partition",-,-,-,-,-,-,-,false,2 USD per Hour,2.57 USD per Hour
d2.2xlarge,d2,2xlarge,"us-west-2a, us-west-2b, us-west-2c, us-west-2d",false,false,xen,8,x86_64,4,"1,2,3,4",2,"1,2",2.4,62464,12288,true,hdd,1,supported,default,High,unsupported,4,15,15,true,"partition, spread, cluster",-,-,-,-,true,-,-,true,1.38 USD per Hour,1.601 USD per Hour
d2.4xlarge,d2,4xlarge,"us-west-2a, us-west-2b, us-west-2c, us-west-2d",false,false,xen,16,x86_64,8,"1,2,3,4,5,6,7,8",2,"1,2",2.4,124928,24576,true,hdd,1,supported,default,High,unsupported,8,30,30,true,"spread, cluster, partition",-,-,-,-,true,-,-,true,2.76 USD per Hour,3.062 USD per Hour
d2.8xlarge,d2,8xlarge,"us-west-2a, us-west-2b, us-west-2c, us-west-2d",false,false,xen,36,x86_64,18,"2,4,6,8,10,12,14,16,18",2,"1,2",2.4,249856,49152,true,hdd,1,supported,default,10 Gigabit,unsupported,8,30,30,true,"partition, spread, cluster",-,-,-,-,true,-,-,true,5.52 USD per Hour,6.198 USD per Hour
d2.xlarge,d2,xlarge,"us-west-2a, us-west-2b, us-west-2c, us-west-2d",false,false,xen,4,x86_64,2,"1,2",2,"1,2",2.4,31232,6144,true,hdd,1,supported,default,Moderate,unsupported,4,15,15,true,"spread, cluster, partition",-,-,-,-,true,-,-,true,0.69 USD per Hour,0.821 USD per Hour
f1.16xlarge,f1,16xlarge,"us-west-2a, us-west-2b, us-west-2c",false,false,xen,64,x86_64,32,"2,4,6,8,10,12,14,16,18,20,22,24,26,28,30,32",2,"1,2",2.3,999424,3760,true,ssd,1,supported,default,25 Gigabit,unsupported,8,50,50,true,"spread, cluster, partition",-,8,-,-,true,-,-,true,13.2 USD per Hour,
f1.2xlarge,f1,2xlarge,"us-west-2a, us-west-2b, us-west-2c",false,false,xen,8,x86_64,4,"1,2,3,4",2,"1,2",2.3,124928,470,true,ssd,1,supported,default,Up to 10 Gigabit,unsupported,4,15,15,true,"partition, spread, cluster",-,1,-,-,true,-,-,true,1.65 USD per Hour,
f1.4xlarge,f1,4xlarge,"us-west-2a, us-west-2b, us-west-2c",false,false,xen,16,x86_64,8,"1,2,3,4,5,6,7,8",2,"1,2",2.3,249856,940,true,ssd,1,supported,default,Up to 10 Gigabit,unsupported,8,30,30,true,"spread, cluster, partition",-,2,-,-,true,-,-,true,3.3 USD per Hour,
g2.2xlarge,g2,2xlarge,"us-west-2a, us-west-2b, us-west-2c",false,false,xen,8,x86_64,4,"1,2,3,4",2,"1,2",2.6,15360,60,true,ssd,1,supported,supported,Moderate,unsupported,4,15,-,-,"partition, spread, cluster",1,-,-,-,true,-,-,false,0.65 USD per Hour,0.767 USD per Hour
g2.8xlarge,g2,8xlarge,"us-west-2a, us-west-2b, us-west-2c",false,false,xen,32,x86_64,16,"2,4,6,8,10,12,14,16",2,"1,2",2.6,61440,240,true,ssd,1,supported,unsupported,High,unsupported,8,30,-,-,"spread, cluster, partition",4,-,-,-,true,-,-,false,2.6 USD per Hour,2.878 USD per Hour
g3.16xlarge,g3,16xlarge,"us-west-2a, us-west-2b, us-west-2c",false,false,xen,64,x86_64,32,"2,4,6,8,10,12,14,16,18,20,22,24,26,28,30,32",2,"1,2",2.3,499712,-,-,-,-,supported,default,25 Gigabit,supported,15,50,50,true,"partition, spread, cluster",4,-,-,-,true,-,-,true,4.56 USD per Hour,7.504 USD per Hour
g3.4xlarge,g3,4xlarge,"us-west-2a, us-west-2b, us-west-2c",false,false,xen,16,x86_64,8,"1,2,3,4,5,6,7,8",2,"1,2",2.7,124928,-,-,-,-,supported,default,Up to 10 Gigabit,supported,8,30,30,true,"cluster, spread, partition",1,-,-,-,true,-,-,true,1.14 USD per Hour,1.876 USD per Hour
g3.8xlarge,g3,8xlarge,"us-west-2a, us-west-2b, us-west-2c",false,false,xen,32,x86_64,16,"1,2,3,4,5,6,7,8,9,10,11,12,13,14,15,16",2,"1,2",2.7,249856,-,-,-,-,supported,default,10 Gigabit,supported,8,30,30,true,"partition, spread, cluster",2,-,-,-,true,-,-,true,2.28 USD per Hour,3.752 USD per Hour
g3s.xlarge,g3s,xlarge,"us-west-2a, us-west-2b, us-west-2c",false,false,xen,4,x86_64,2,"1,2",2,"1,2",2.7,31232,-,-,-,-,supported,default,Up to 10 Gigabit,required,4,15,15,true,"spread, cluster, partition",1,-,-,-,true,-,-,true,0.75 USD per Hour,0.934 USD per Hour
g4dn.12xlarge,g4dn,12xlarge,"us-west-2a, us-west-2b, us-west-2c",false,false,nitro,48,x86_64,24,"2,4,6,8,10,12,14,16,18,20,22,24",2,"1,2",2.5,196608,900,true,ssd,1,supported,default,50 Gigabit,required,8,30,30,true,"partition, spread, cluster",4,-,-,-,true,-,-,true,3.912 USD per Hour,6.12 USD per Hour
g4dn.16xlarge,g4dn,16xlarge,"us-west-2a, us-west-2b, us-west-2c",false,false,nitro,64,x86_64,32,"2,4,6,8,10,12,14,16,18,20,22,24,26,28,30,32",2,"1,2",2.5,262144,900,true,ssd,1,supported,default,50 Gigabit,required,4,15,15,true,"spread, cluster, partition",1,-,-,-,-,-,-,true,4.352 USD per Hour,7.296 USD per Hour
g4dn.2xlarge,g4dn,2xlarge,"us-west-2a, us-west-2b, us-west-2c",false,false,nitro,8,x86_64,4,"2,4",2,"1,2",2.5,32768,225,true,ssd,1,supported,default,Up to 25 Gigabit,required,3,10,10,true,"spread, cluster, partition",1,-,-,-,-,-,-,true,0.752 USD per Hour,1.12 USD per Hour
g4dn.4xlarge,g4dn,4xlarge,"us-west-2a, us-west-2b, us-west-2c",false,false,nitro,16,x86_64,8,"2,4,6,8",2,"1,2",2.5,65536,225,true,ssd,1,supported,default,Up to 25 Gigabit,required,3,10,10,true,"spread, cluster, partition",1,-,-,-,-,-,-,true,1.204 USD per Hour,1.94 USD per Hour
g4dn.8xlarge,g4dn,8xlarge,"us-west-2a, us-west-2b, us-west-2c",false,false,nitro,32,x86_64,16,"2,4,6,8,10,12,14,16",2,"1,2",2.5,131072,900,true,ssd,1,supported,default,50 Gigabit,required,4,15,15,true,"spread, cluster, partition",1,-,-,-,-,-,-,true,2.176 USD per Hour,3.648 USD per Hour
g4dn.xlarge,g4dn,xlarge,"us-west-2a, us-west-2b, us-west-2c",false,false,nitro,4,x86_64,2,2,2,"1,2",2.5,16384,125,true,ssd,1,supported,default,Up to 25 Gigabit,required,3,10,10,true,"cluster, spread, partition",1,-,-,-,-,-,-,true,0.526 USD per Hour,0.71 USD per Hour
h1.16xlarge,h1,16xlarge,"us-west-2b, us-west-2c",false,false,xen,64,"x86_64, i386",32,"2,4,6,8,10,12,14,16,18,20,22,24,26,28,30,32",2,"1,2",2.3,262144,16000,true,hdd,1,supported,default,25 Gigabit,supported,15,50,50,true,"cluster, spread, partition",-,-,-,-,true,-,-,true,3.744 USD per Hour,6.688 USD per Hour
h1.2xlarge,h1,2xlarge,"us-west-2b, us-west-2c",false,false,xen,8,"x86_64, i386",4,"1,2,3,4",2,"1,2",2.3,32768,2000,true,hdd,1,supported,default,Up to 10 Gigabit,supported,4,15,15,true,"cluster, spread, partition",-,-,-,-,true,-,-,true,0.468 USD per Hour,0.836 USD per Hour
h1.4xlarge,h1,4xlarge,"us-west-2b, us-west-2c",false,false,xen,16,"x86_64, i386",8,"1,2,3,4,5,6,7,8",2,"1,2",2.3,65536,4000,true,hdd,1,supported,default,Up to 10 Gigabit,supported,8,30,30,true,"cluster, spread, partition",-,-,-,-,true,-,-,true,0.936 USD per Hour,1.672 USD per Hour
h1.8xlarge,h1,8xlarge,"us-west-2b, us-west-2c",false,false,xen,32,"x86_64, i386",16,"1,2,3,4,5,6,7,8,9,10,11,12,13,14,15,16",2,"1,2",2.3,131072,8000,true,hdd,1,supported,default,10 Gigabit,supported,8,30,30,true,"partition, spread, cluster",-,-,-,-,true,-,-,true,1.872 USD per Hour,3.344 USD per Hour
i2.2xlarge,i2,2xlarge,"us-west-2a, us-west-2b, us-west-2c",false,false,xen,8,x86_64,4,"1,2,3,4",2,"1,2",2.5,62464,1600,true,ssd,1,supported,supported,High,unsupported,4,15,15,true,"partition, spread, cluster",-,-,-,-,true,-,-,false,1.705 USD per Hour,1.946 USD per Hour
i2.4xlarge,i2,4xlarge,"us-west-2a, us-west-2b, us-west-2c",false,false,xen,16,x86_64,8,"1,2,3,4,5,6,7,8",2,"1,2",2.5,124928,3200,true,ssd,1,supported,supported,High,unsupported,8,30,30,true,"cluster, spread, partition",-,-,-,-,true,-,-,false,3.41 USD per Hour,3.891 USD per Hour
i2.8xlarge,i2,8xlarge,"us-west-2a, us-west-2b, us-west-2c",false,false,xen,32,x86_64,16,"2,4,6,8,10,12,14,16",2,"1,2",2.5,249856,6400,true,ssd,1,supported,unsupported,10 Gigabit,unsupported,8,30,30,true,"cluster, spread, partition",-,-,-,-,true,-,-,false,6.82 USD per Hour,7.782 USD per Hour
i2.xlarge,i2,xlarge,"us-west-2a, us-west-2b, us-west-2c",false,false,xen,4,x86_64,2,"1,2",2,"1,2",2.5,31232,800,true,ssd,1,supported,supported,Moderate,unsupported,4,15,15,true,"cluster, spread, partition",-,-,-,-,true,-,-,false,0.853 USD per Hour,0.973 USD per Hour
i3.16xlarge,i3,16xlarge,"us-west-2a, us-west-2b, us-west-2c, us-west-2d",false,false,xen,64,"x86_64, i386",32,"2,4,6,8,10,12,14,16,18,20,22,24,26,28,30,32",2,"1,2",2.3,499712,15200,true,ssd,1,supported,default,25 Gigabit,supported,15,50,50,true,"cluster, spread, partition",-,-,-,-,true,-,-,true,4.992 USD per Hour,7.936 USD per Hour
i3.2xlarge,i3,2xlarge,"us-west-2a, us-west-2b, us-west-2c, us-west-2d",false,false,xen,8,"x86_64, i386",4,"1,2,3,4",2,"1,2",2.3,62464,1900,true,ssd,1,supported,default,Up to 10 Gigabit,supported,4,15,15,true,"spread, cluster, partition",-,-,-,-,true,-,-,true,0.624 USD per Hour,0.992 USD per Hour
i3.4xlarge,i3,4xlarge,"us-west-2a, us-west-2b, us-west-2c, us-west-2d",false,false,xen,16,"x86_64, i386",8,"1,2,3,4,5,6,7,8",2,"1,2",2.3,124928,3800,true,ssd,1,supported,default,Up to 10 Gigabit,supported,8,30,30,true,"spread, cluster, partition",-,-,-,-,true,-,-,true,1.248 USD per Hour,1.984 USD per Hour
i3.8xlarge,i3,8xlarge,"us-west-2a, us-west-2b, us-west-2c, us-west-2d",false,false,xen,32,"x86_64, i386",16,"1,2,3,4,5,6,7,8,9,10,11,12,13,14,15,16",2,"1,2",2.3,249856,7600,true,ssd,1,supported,default,10 Gigabit,supported,8,30,30,true,"cluster, spread, partition",-,-,-,-,true,-,-,true,2.496 USD per Hour,3.968 USD per Hour
i3.large,i3,large,"us-west-2a, us-west-2b, us-west-2c, us-west-2d",false,false,xen,2,"x86_64, i386",1,1,2,"1,2",2.3,15616,475,true,ssd,1,supported,default,Up to 10 Gigabit,supported,3,10,10,true,"cluster, spread, partition",-,-,-,-,true,-,-,true,0.156 USD per Hour,0.248 USD per Hour
i3.metal,i3,metal,"us-west-2a, us-west-2b, us-west-2c",false,true,,72,"x86_64, i386",-,-,-,-,2.3,524288,15200,true,ssd,1,supported,default,25 Gigabit,required,15,50,50,true,"spread, cluster, partition",-,-,-,-,true,-,-,true,4.992 USD per Hour,7.936 USD per Hour
i3.xlarge,i3,xlarge,"us-west-2a, us-west-2b, us-west-2c, us-west-2d",false,false,xen,4,"x86_64, i386",2,"1,2",2,"1,2",2.3,31232,950,true,ssd,1,supported,default,Up to 10 Gigabit,supported,4,15,15,true,"cluster, spread, partition",-,-,-,-,true,-,-,true,0.312 USD per Hour,0.496 USD per Hour
i3en.12xlarge,i3en,12xlarge,"us-west-2a, us-west-2b, us-west-2c",false,false,nitro,48,x86_64,24,"2,4,6,8,10,12,14,16,18,20,22,24",2,"1,2",3.1,393216,30000,true,ssd,1,supported,default,50 Gigabit,required,8,30,30,true,"partition, spread, cluster",-,-,-,-,true,-,-,true,5.424 USD per Hour,7.632 USD per Hour
i3en.24xlarge,i3en,24xlarge,"us-west-2a, us-west-2b, us-west-2c",false,false,nitro,96,x86_64,48,"2,4,6,8,10,12,14,16,18,20,22,24,26,28,30,32,34,36,38,40,42,44,46,48",2,"1,2",3.1,786432,60000,true,ssd,1,supported,default,100 Gigabit,required,15,50,50,true,"partition, spread, cluster",-,-,-,-,true,-,-,true,10.848 USD per Hour,15.264 USD per Hour
i3en.2xlarge,i3en,2xlarge,"us-west-2a, us-west-2b, us-west-2c",false,false,nitro,8,x86_64,4,"2,4",2,"1,2",3.1,65536,5000,true,ssd,1,supported,default,Up to 25 Gigabit,required,4,15,15,true,"spread, cluster, partition",-,-,-,-,true,-,-,true,0.904 USD per Hour,1.272 USD per Hour
i3en.3xlarge,i3en,3xlarge,"us-west-2a, us-west-2b, us-west-2c",false,false,nitro,12,x86_64,6,"2,4,6",2,"1,2",3.1,98304,7500,true,ssd,1,supported,default,Up to 25 Gigabit,required,4,15,15,true,"partition, spread, cluster",-,-,-,-,true,-,-,true,1.356 USD per Hour,1.908 USD per Hour
i3en.6xlarge,i3en,6xlarge,"us-west-2a, us-west-2b, us-west-2c",false,false,nitro,24,x86_64,12,"2,4,6,8,10,12",2,"1,2",3.1,196608,15000,true,ssd,1,supported,default,25 Gigabit,required,8,30,30,true,"spread, cluster, partition",-,-,-,-,true,-,-,true,2.712 USD per Hour,3.816 USD per Hour
i3en.large,i3en,large,"us-west-2a, us-west-2b, us-west-2c",false,false,nitro,2,x86_64,1,1,2,"1,2",3.1,16384,1250,true,ssd,1,supported,default,Up to 25 Gigabit,required,3,10,10,true,"spread, cluster, partition",-,-,-,-,true,-,-,true,0.226 USD per Hour,0.318 USD per Hour
i3en.metal,i3en,metal,"us-west-2a, us-west-2b, us-west-2c",false,true,,96,x86_64,-,-,-,-,3.1,786432,60000,true,ssd,1,supported,default,100 Gigabit,required,15,50,50,true,"spread, cluster, partition",-,-,-,-,true,-,-,true,10.848 USD per Hour,15.264 USD per Hour
i3en.xlarge,i3en,xlarge,"us-west-2a, us-west-2b, us-west-2c",false,false,nitro,4,x86_64,2,"1,2",2,"1,2",3.1,32768,2500,true,ssd,1,supported,default,Up to 25 Gigabit,required,4,15,15,true,"spread, cluster, partition",-,-,-,-,true,-,-,true,0.452 USD per Hour,0.636 USD per Hour
inf1.24xlarge,inf1,24xlarge,"us-west-2a, us-west-2b, us-west-2c, us-west-2d",false,false,nitro,96,x86_64,48,"2,4,6,8,10,12,14,16,18,20,22,24,26,28,30,32,34,36,38,40,42,44,46,48",2,"1,2",2.5,196608,-,-,-,-,supported,default,100 Gigabit,required,15,30,30,true,"spread, cluster, partition",-,-,-,-,-,-,-,true,7.615 USD per Hour,
inf1.2xlarge,inf1,2xlarge,"us-west-2a, us-west-2b, us-west-2c, us-west-2d",false,false,nitro,8,x86_64,4,"2,4",2,"1,2",2.5,16384,-,-,-,-,supported,default,Up to 25 Gigabit,required,4,10,10,true,"cluster, spread, partition",-,-,-,-,-,-,-,true,0.584 USD per Hour,
inf1.6xlarge,inf1,6xlarge,"us-west-2a, us-west-2b, us-west-2c, us-west-2d",false,false,nitro,24,x86_64,12,"2,4,6,8,10,12",2,"1,2",2.5,49152,-,-,-,-,supported,default,25 Gigabit,required,8,30,30,true,"cluster, spread, partition",-,-,-,-,-,-,-,true,1.904 USD per Hour,
inf1.xlarge,inf1,xlarge,"us-west-2a, us-west-2b, us-west-2c, us-west-2d",false,false,nitro,4,x86_64,2,2,2,"1,2",2.5,8192,-,-,-,-,supported,default,Up to 25 Gigabit,required,4,10,10,true,"partition, spread, cluster",-,-,-,-,-,-,-,true,0.368 USD per Hour,
m1.large,m1,large,"us-west-2a, us-west-2b, us-west-2c",false,false,xen,2,"x86_64, i386",2,"1,2",1,1,,7680,840,true,hdd,1,unsupported,supported,Moderate,unsupported,3,10,-,-,"spread, partition",-,-,-,-,-,-,-,false,0.175 USD per Hour,0.299 USD per Hour
m1.medium,m1,medium,"us-west-2a, us-west-2b, us-west-2c",false,false,xen,1,"x86_64, i386",1,1,1,1,,3788,410,true,hdd,1,unsupported,unsupported,Moderate,unsupported,2,6,-,-,"spread, partition",-,-,-,-,-,-,-,false,0.087 USD per Hour,0.149 USD per Hour
m1.small,m1,small,"us-west-2a, us-west-2b, us-west-2c",false,false,xen,1,"x86_64, i386",1,1,1,1,,1740,160,true,hdd,1,unsupported,unsupported,Low,unsupported,2,4,-,-,"spread, partition",-,-,-,-,-,-,-,false,0.044 USD per Hour,0.075 USD per Hour
m1.xlarge,m1,xlarge,"us-west-2a, us-west-2b, us-west-2c",false,false,xen,4,"x86_64, i386",4,"1,2,3,4",1,1,,15360,1680,true,hdd,1,unsupported,supported,High,unsupported,4,15,-,-,"spread, partition",-,-,-,-,-,-,-,false,0.35 USD per Hour,0.598 USD per Hour
m2.2xlarge,m2,2xlarge,"us-west-2a, us-west-2b, us-west-2c",false,false,xen,4,"x86_64, i386",4,"1,2,3,4",1,1,,35020,850,true,hdd,1,unsupported,supported,Moderate,unsupported,4,30,-,-,"partition, spread",-,-,-,-,-,-,-,false,0.49 USD per Hour,0.69 USD per Hour
m2.4xlarge,m2,4xlarge,"us-west-2a, us-west-2b, us-west-2c",false,false,xen,8,"x86_64, i386",8,"1,2,3,4,5,6,7,8",1,1,,70041,1680,true,hdd,1,unsupported,supported,High,unsupported,8,30,-,-,"partition, spread",-,-,-,-,-,-,-,false,0.98 USD per Hour,1.38 USD per Hour
m2.xlarge,m2,xlarge,"us-west-2a, us-west-2b, us-west-2c",false,false,xen,2,"x86_64, i386",2,"1,2",1,1,,17510,420,true,hdd,1,unsupported,unsupported,Moderate,unsupported,4,15,-,-,"spread, partition",-,-,-,-,-,-,-,false,0.245 USD per Hour,0.345 USD per Hour
m3.2xlarge,m3,2xlarge,"us-west-2a, us-west-2b, us-west-2c",false,false,xen,8,x86_64,4,"1,2,3,4",2,"1,2",2.5,30720,160,true,ssd,1,supported,supported,High,unsupported,4,30,-,-,"spread, partition",-,-,true,-,true,true,-,false,0.532 USD per Hour,1.036 USD per Hour
m3.large,m3,large,"us-west-2a, us-west-2b, us-west-2c",false,false,xen,2,x86_64,2,"1,2",1,1,2.5,7680,32,true,ssd,1,supported,unsupported,Moderate,unsupported,3,10,-,-,"spread, partition",-,-,true,-,true,true,-,false,0.133 USD per Hour,0.259 USD per Hour
m3.medium,m3,medium,"us-west-2a, us-west-2b, us-west-2c",false,false,xen,1,x86_64,1,1,1,1,2.5,3840,4,true,ssd,1,supported,unsupported,Moderate,unsupported,2,6,-,-,"spread, partition",-,-,true,-,true,true,-,false,0.067 USD per Hour,0.13 USD per Hour
m3.xlarge,m3,xlarge,"us-west-2a, us-west-2b, us-west-2c",false,false,xen,4,x86_64,4,"1,2,3,4",1,1,2.5,15360,80,true,ssd,1,supported,supported,High,unsupported,4,15,-,-,"spread, partition",-,-,true,-,true,true,-,false,0.266 USD per Hour,0.518 USD per Hour
m4.10xlarge,m4,10xlarge,"us-west-2a, us-west-2b, us-west-2c",false,false,xen,40,x86_64,20,"2,4,6,8,10,12,14,16,18,20",2,"1,2",2.4,163840,-,-,-,-,supported,default,10 Gigabit,unsupported,8,30,30,true,"cluster, spread, partition",-,-,true,-,true,-,-,true,2 USD per Hour,3.84 USD per Hour
m4.16xlarge,m4,16xlarge,"us-west-2a, us-west-2b, us-west-2c",false,false,xen,64,x86_64,32,"2,4,6,8,10,12,14,16,18,20,22,24,26,28,30,32",2,"1,2",2.3,262144,-,-,-,-,supported,default,25 Gigabit,supported,8,30,30,true,"cluster, spread, partition",-,-,true,-,true,-,-,true,3.2 USD per Hour,6.144 USD per Hour
m4.2xlarge,m4,2xlarge,"us-west-2a, us-west-2b, us-west-2c",false,false,xen,8,x86_64,4,"1,2,3,4",2,"1,2",2.4,32768,-,-,-,-,supported,default,High,unsupported,4,15,15,true,"cluster, spread, partition",-,-,true,-,true,true,-,true,0.4 USD per Hour,0.768 USD per Hour
m4.4xlarge,m4,4xlarge,"us-west-2a, us-west-2b, us-west-2c",false,false,xen,16,x86_64,8,"1,2,3,4,5,6,7,8",2,"1,2",2.4,65536,-,-,-,-,supported,default,High,unsupported,8,30,30,true,"partition, spread, cluster",-,-,true,-,true,true,-,true,0.8 USD per Hour,1.536 USD per Hour
m4.large,m4,large,"us-west-2a, us-west-2b, us-west-2c",false,false,xen,2,x86_64,1,1,2,"1,2",2.4,8192,-,-,-,-,supported,default,Moderate,unsupported,2,10,10,true,"cluster, spread, partition",-,-,true,-,true,true,-,true,0.1 USD per Hour,0.192 USD per Hour
m4.xlarge,m4,xlarge,"us-west-2a, us-west-2b, us-west-2c",false,false,xen,4,x86_64,2,"1,2",2,"1,2",2.4,16384,-,-,-,-,supported,default,High,unsupported,4,15,15,true,"partition, spread, cluster",-,-,true,-,true,true,-,true,0.2 USD per Hour,0.384 USD per Hour
m5.12xlarge,m5,12xlarge,"us-west-2a, us-west-2b, us-west-2c, us-west-2d",false,false,nitro,48,x86_64,24,"2,4,6,8,10,12,14,16,18,20,22,24",2,"1,2",3.1,196608,-,-,-,-,supported,default,10 Gigabit,required,8,30,30,true,"partition, spread, cluster",-,-,true,-,true,-,-,true,2.304 USD per Hour,4.512 USD per Hour
m5.16xlarge,m5,16xlarge,"us-west-2a, us-west-2b, us-west-2c, us-west-2d",false,false,nitro,64,x86_64,32,"2,4,6,8,10,12,14,16,18,20,22,24,26,28,30,32",2,"1,2",3.1,262144,-,-,-,-,supported,default,20 Gigabit,required,15,50,50,true,"cluster, spread, partition",-,-,true,-,-,-,-,true,3.072 USD per Hour,6.016 USD per Hour
m5.24xlarge,m5,24xlarge,"us-west-2a, us-west-2b, us-west-2c, us-west-2d",false,false,nitro,96,x86_64,48,"4,6,8,10,12,14,16,18,20,22,24,26,28,30,32,34,36,38,40,42,44,46,48",2,"1,2",3.1,393216,-,-,-,-,supported,default,25 Gigabit,required,15,50,50,true,"partition, spread, cluster",-,-,true,-,true,-,-,true,4.608 USD per Hour,9.024 USD per Hour
m5.2xlarge,m5,2xlarge,"us-west-2a, us-west-2b, us-west-2c, us-west-2d",false,false,nitro,8,x86_64,4,"2,4",2,"1,2",3.1,32768,-,-,-,-,supported,default,Up to 10 Gigabit,required,4,15,15,true,"cluster, spread, partition",-,-,true,-,true,true,-,true,0.384 USD per Hour,0.752 USD per Hour
m5.4xlarge,m5,4xlarge,"us-west-2a, us-west-2b, us-west-2c, us-west-2d",false,false,nitro,16,x86_64,8,"2,4,6,8",2,"1,2",3.1,65536,-,-,-,-,supported,default,Up to 10 Gigabit,required,8,30,30,true,"cluster, spread, partition",-,-,true,-,true,true,-,true,0.768 USD per Hour,1.504 USD per Hour
m5.8xlarge,m5,8xlarge,"us-west-2a, us-west-2b, us-west-2c, us-west-2d",false,false,nitro,32,x86_64,16,"2,4,6,8,10,12,14,16",2,"1,2",3.1,131072,-,-,-,-,supported,default,10 Gigabit,required,8,30,30,true,"partition, spread, cluster",-,-,true,-,-,true,-,true,1.536 USD per Hour,3.008 USD per Hour
m5.large,m5,large,"us-west-2a, us-west-2b, us-west-2c, us-west-2d",false,false,nitro,2,x86_64,1,1,2,"1,2",3.1,8192,-,-,-,-,supported,default,Up to 10 Gigabit,required,3,10,10,true,"cluster, spread, partition",-,-,true,-,true,true,-,true,0.096 USD per Hour,0.188 USD per Hour
m5.metal,m5,metal,"us-west-2a, us-west-2b, us-west-2c",false,true,,96,x86_64,-,-,-,-,3.1,393216,-,-,-,-,supported,default,25 Gigabit,required,15,50,50,true,"partition, spread, cluster",-,-,true,-,true,-,-,true,4.608 USD per Hour,9.024 USD per Hour
m5.xlarge,m5,xlarge,"us-west-2a, us-west-2b, us-west-2c, us-west-2d",false,false,nitro,4,x86_64,2,2,2,"1,2",3.1,16384,-,-,-,-,supported,default,Up to 10 Gigabit,required,4,15,15,true,"partition, spread, cluster",-,-,true,-,true,true,-,true,0.192 USD per Hour,0.376 USD per Hour
m5a.12xlarge,m5a,12xlarge,"us-west-2a, us-west-2b, us-west-2c, us-west-2d",false,false,nitro,48,x86_64,24,"6,12,18,24",2,"1,2",2.5,196608,-,-,-,-,supported,default,10 Gigabit,required,8,30,30,true,"spread, cluster, partition",-,-,true,-,true,-,-,true,2.064 USD per Hour,4.272 USD per Hour
m5a.16xlarge,m5a,16xlarge,"us-west-2a, us-west-2b, us-west-2c, us-west-2d",false,false,nitro,64,x86_64,32,"8,10,12,14,16,18,20,22,24,26,28,30,32",2,"1,2",2.5,262144,-,-,-,-,supported,default,12 Gigabit,required,15,50,50,true,"partition, spread, cluster",-,-,true,-,-,-,-,true,2.752 USD per Hour,5.696 USD per Hour
m5a.24xlarge,m5a,24xlarge,"us-west-2a, us-west-2b, us-west-2c, us-west-2d",false,false,nitro,96,x86_64,48,"12,18,24,36,48",2,"1,2",2.5,393216,-,-,-,-,supported,default,20 Gigabit,required,15,50,50,true,"spread, cluster, partition",-,-,true,-,true,-,-,true,4.128 USD per Hour,8.544 USD per Hour
m5a.2xlarge,m5a,2xlarge,"us-west-2a, us-west-2b, us-west-2c, us-west-2d",false,false,nitro,8,x86_64,4,"2,4",2,"1,2",2.5,32768,-,-,-,-,supported,default,Up to 10 Gigabit,required,4,15,15,true,"partition, spread, cluster",-,-,true,-,true,-,-,true,0.344 USD per Hour,0.712 USD per Hour
m5a.4xlarge,m5a,4xlarge,"us-west-2a, us-west-2b, us-west-2c, us-west-2d",false,false,nitro,16,x86_64,8,"2,4,6,8",2,"1,2",2.5,65536,-,-,-,-,supported,default,Up to 10 Gigabit,required,8,30,30,true,"partition, spread, cluster",-,-,true,-,true,-,-,true,0.688 USD per Hour,1.424 USD per Hour
m5a.8xlarge,m5a,8xlarge,"us-west-2a, us-west-2b, us-west-2c, us-west-2d",false,false,nitro,32,x86_64,16,"4,6,8,10,12,14,16",2,"1,2",2.5,131072,-,-,-,-,supported,default,Up to 10 Gigabit,required,8,30,30,true,"cluster, spread, partition",-,-,true,-,-,-,-,true,1.376 USD per Hour,2.848 USD per Hour
m5a.large,m5a,large,"us-west-2a, us-west-2b, us-west-2c, us-west-2d",false,false,nitro,2,x86_64,1,1,2,"1,2",2.5,8192,-,-,-,-,supported,default,Up to 10 Gigabit,required,3,10,10,true,"spread, cluster, partition",-,-,true,-,true,-,-,true,0.086 USD per Hour,0.178 USD per Hour
m5a.xlarge,m5a,xlarge,"us-west-2a, us-west-2b, us-west-2c, us-west-2d",false,false,nitro,4,x86_64,2,2,2,"1,2",2.5,16384,-,-,-,-,supported,default,Up to 10 Gigabit,required,4,15,15,true,"spread, cluster, partition",-,-,true,-,true,-,-,true,0.172 USD per Hour,0.356 USD per Hour
m5ad.12xlarge,m5ad,12xlarge,"us-west-2a, us-west-2b, us-west-2c, us-west-2d",false,false,nitro,48,x86_64,24,"6,12,18,24",2,"1,2",2.2,196608,1800,true,ssd,1,supported,default,10 Gigabit,required,8,30,30,true,"partition, spread, cluster",-,-,-,-,true,-,-,true,2.472 USD per Hour,4.68 USD per Hour
m5ad.16xlarge,m5ad,16xlarge,us-west-2d,false,false,nitro,64,x86_64,32,"8,10,12,14,16,18,20,22,24,26,28,30,32",2,"1,2",2.5,262144,2400,true,ssd,1,supported,default,12 Gigabit,required,15,50,50,true,"spread, cluster, partition",-,-,-,-,-,-,-,true,3.296 USD per Hour,6.24 USD per Hour
m5ad.24xlarge,m5ad,24xlarge,"us-west-2a, us-west-2b, us-west-2c, us-west-2d",false,false,nitro,96,x86_64,48,"12,18,24,36,48",2,"1,2",2.2,393216,3600,true,ssd,1,supported,default,20 Gigabit,required,15,50,50,true,"cluster, spread, partition",-,-,-,-,true,-,-,true,4.944 USD per Hour,9.36 USD per Hour
m5ad.2xlarge,m5ad,2xlarge,"us-west-2a, us-west-2b, us-west-2c, us-west-2d",false,false,nitro,8,x86_64,4,"2,4",2,"1,2",2.2,32768,300,true,ssd,1,supported,default,Up to 10 Gigabit,required,4,15,15,true,"partition, spread, cluster",-,-,-,-,true,-,-,true,0.412 USD per Hour,0.78 USD per Hour
m5ad.4xlarge,m5ad,4xlarge,"us-west-2a, us-west-2b, us-west-2c, us-west-2d",false,false,nitro,16,x86_64,8,"2,4,6,8",2,"1,2",2.2,65536,600,true,ssd,1,supported,default,Up to 10 Gigabit,required,8,30,30,true,"partition, spread, cluster",-,-,-,-,true,-,-,true,0.824 USD per Hour,1.56 USD per Hour
m5ad.8xlarge,m5ad,8xlarge,us-west-2d,false,false,nitro,32,x86_64,16,"4,6,8,10,12,14,16",2,"1,2",2.5,131072,1200,true,ssd,1,supported,default,Up to 10 Gigabit,required,8,30,30,true,"partition, spread, cluster",-,-,-,-,-,-,-,true,1.648 USD per Hour,3.12 USD per Hour
m5ad.large,m5ad,large,"us-west-2a, us-west-2b, us-west-2c, us-west-2d",false,false,nitro,2,x86_64,1,1,2,"1,2",2.2,8192,75,true,ssd,1,supported,default,Up to 10 Gigabit,required,3,10,10,true,"partition, spread, cluster",-,-,-,-,true,-,-,true,0.103 USD per Hour,0.195 USD per Hour
m5ad.xlarge,m5ad,xlarge,"us-west-2a, us-west-2b, us-west-2c, us-west-2d",false,false,nitro,4,x86_64,2,2,2,"1,2",2.2,16384,150,true,ssd,1,supported,default,Up to 10 Gigabit,required,4,15,15,true,"cluster, spread, partition",-,-,-,-,true,-,-,true,0.206 USD per Hour,0.39 USD per Hour
m5d.12xlarge,m5d,12xlarge,"us-west-2a, us-west-2b, us-west-2c, us-west-2d",false,false,nitro,48,x86_64,24,"2,4,6,8,10,12,14,16,18,20,22,24",2,"1,2",3.1,196608,1800,true,ssd,1,supported,default,10 Gigabit,required,8,30,30,true,"cluster, spread, partition",-,-,-,-,true,-,-,true,2.712 USD per Hour,4.92 USD per Hour
m5d.16xlarge,m5d,16xlarge,"us-west-2a, us-west-2b, us-west-2c, us-west-2d",false,false,nitro,64,x86_64,32,"2,4,6,8,10,12,14,16,18,20,22,24,26,28,30,32",2,"1,2",3.1,262144,2400,true,ssd,1,supported,default,20 Gigabit,required,15,50,50,true,"partition, spread, cluster",-,-,-,-,-,-,-,true,3.616 USD per Hour,6.56 USD per Hour
m5d.24xlarge,m5d,24xlarge,"us-west-2a, us-west-2b, us-west-2c, us-west-2d",false,false,nitro,96,x86_64,48,"4,6,8,10,12,14,16,18,20,22,24,26,28,30,32,34,36,38,40,42,44,46,48",2,"1,2",3.1,393216,3600,true,ssd,1,supported,default,25 Gigabit,required,15,50,50,true,"cluster, spread, partition",-,-,-,-,true,-,-,true,5.424 USD per Hour,9.84 USD per Hour
m5d.2xlarge,m5d,2xlarge,"us-west-2a, us-west-2b, us-west-2c, us-west-2d",false,false,nitro,8,x86_64,4,"2,4",2,"1,2",3.1,32768,300,true,ssd,1,supported,default,Up to 10 Gigabit,required,4,15,15,true,"cluster, spread, partition",-,-,-,-,true,-,-,true,0.452 USD per Hour,0.82 USD per Hour
m5d.4xlarge,m5d,4xlarge,"us-west-2a, us-west-2b, us-west-2c, us-west-2d",false,false,nitro,16,x86_64,8,"2,4,6,8",2,"1,2",3.1,65536,600,true,ssd,1,supported,default,Up to 10 Gigabit,required,8,30,30,true,"spread, cluster, partition",-,-,-,-,true,-,-,true,0.904 USD per Hour,1.64 USD per Hour
m5d.8xlarge,m5d,8xlarge,"us-west-2a, us-west-2b, us-west-2c, us-west-2d",false,false,nitro,32,x86_64,16,"2,4,6,8,10,12,14,16",2,"1,2",3.1,131072,1200,true,ssd,1,supported,default,10 Gigabit,required,8,30,30,true,"partition, spread, cluster",-,-,-,-,-,-,-,true,1.808 USD per Hour,3.28 USD per Hour
m5d.large,m5d,large,"us-west-2a, us-west-2b, us-west-2c, us-west-2d",false,false,nitro,2,x86_64,1,1,2,"1,2",3.1,8192,75,true,ssd,1,supported,default,Up to 10 Gigabit,required,3,10,10,true,"partition, spread, cluster",-,-,-,-,true,-,-,true,0.113 USD per Hour,0.205 USD per Hour
m5d.metal,m5d,metal,"us-west-2a, us-west-2b, us-west-2c, us-west-2d",false,true,,96,x86_64,-,-,-,-,3.1,393216,3600,true,ssd,1,supported,default,25 Gigabit,required,15,50,50,true,"partition, spread, cluster",-,-,-,-,true,-,-,true,5.424 USD per Hour,9.84 USD per Hour
m5d.xlarge,m5d,xlarge,"us-west-2a, us-west-2b, us-west-2c, us-west-2d",false,false,nitro,4,x86_64,2,2,2,"1,2",3.1,16384,150,true,ssd,1,supported,default,Up to 10 Gigabit,required,4,15,15,true,"partition, spread, cluster",-,-,-,-,true,-,-,true,0.226 USD per Hour,0.41 USD per Hour
m5dn.12xlarge,m5dn,12xlarge,"us-west-2a, us-west-2b, us-west-2c",false,false,nitro,48,x86_64,24,"2,4,6,8,10,12,14,16,18,20,22,24",2,"1,2",3.1,196608,1800,true,ssd,1,supported,default,50 Gigabit,required,8,30,30,true,"partition, spread, cluster",-,-,-,-,true,-,-,true,3.264 USD per Hour,5.472 USD per Hour
m5dn.16xlarge,m5dn,16xlarge,"us-west-2a, us-west-2b, us-west-2c",false,false,nitro,64,x86_64,32,"2,4,6,8,10,12,14,16,18,20,22,24,26,28,30,32",2,"1,2",3.1,262144,2400,true,ssd,1,supported,default,75 Gigabit,required,15,50,50,true,"cluster, spread, partition",-,-,-,-,true,-,-,true,4.352 USD per Hour,7.296 USD per Hour
m5dn.24xlarge,m5dn,24xlarge,"us-west-2a, us-west-2b, us-west-2c",false,false,nitro,96,x86_64,48,"2,4,6,8,10,12,14,16,18,20,22,24,26,28,30,32,34,36,38,40,42,44,46,48",2,"1,2",3.1,393216,3600,true,ssd,1,supported,default,100 Gigabit,required,15,50,50,true,"cluster, spread, partition",-,-,-,-,true,-,-,true,6.528 USD per Hour,10.944 USD per Hour
m5dn.2xlarge,m5dn,2xlarge,"us-west-2a, us-west-2b, us-west-2c",false,false,nitro,8,x86_64,4,"2,4",2,"1,2",3.1,32768,300,true,ssd,1,supported,default,Up to 25 Gigabit,required,4,15,15,true,"partition, spread, cluster",-,-,-,-,true,-,-,true,0.544 USD per Hour,0.912 USD per Hour
m5dn.4xlarge,m5dn,4xlarge,"us-west-2a, us-west-2b, us-west-2c",false,false,nitro,16,x86_64,8,"2,4,6,8",2,"1,2",3.1,65536,600,true,ssd,1,supported,default,Up to 25 Gigabit,required,8,30,30,true,"cluster, spread, partition",-,-,-,-,true,-,-,true,1.088 USD per Hour,1.824 USD per Hour
m5dn.8xlarge,m5dn,8xlarge,"us-west-2a, us-west-2b, us-west-2c",false,false,nitro,32,x86_64,16,"2,4,6,8,10,12,14,16",2,"1,2",3.1,131072,1200,true,ssd,1,supported,default,25 Gigabit,required,8,30,30,true,"partition, spread, cluster",-,-,-,-,true,-,-,true,2.176 USD per Hour,3.648 USD per Hour
m5dn.large,m5dn,large,"us-west-2a, us-west-2b, us-west-2c",false,false,nitro,2,x86_64,1,1,2,"1,2",3.1,8192,75,true,ssd,1,supported,default,Up to 25 Gigabit,required,3,10,10,true,"partition, spread, cluster",-,-,-,-,true,-,-,true,0.136 USD per Hour,0.228 USD per Hour
m5dn.xlarge,m5dn,xlarge,"us-west-2a, us-west-2b, us-west-2c",false,false,nitro,4,x86_64,2,"1,2",2,"1,2",3.1,16384,150,true,ssd,1,supported,default,Up to 25 Gigabit,required,4,15,15,true,"partition, spread, cluster",-,-,-,-,true,-,-,true,0.272 USD per Hour,0.456 USD per Hour
m5n.12xlarge,m5n,12xlarge,"us-west-2a, us-west-2b, us-west-2c",false,false,nitro,48,x86_64,24,"2,4,6,8,10,12,14,16,18,20,22,24",2,"1,2",3.1,196608,-,-,-,-,supported,default,50 Gigabit,required,8,30,30,true,"partition, spread, cluster",-,-,true,-,true,-,-,true,2.856 USD per Hour,5.064 USD per Hour
m5n.16xlarge,m5n,16xlarge,"us-west-2a, us-west-2b, us-west-2c",false,false,nitro,64,x86_64,32,"2,4,6,8,10,12,14,16,18,20,22,24,26,28,30,32",2,"1,2",3.1,262144,-,-,-,-,supported,default,75 Gigabit,required,15,50,50,true,"partition, spread, cluster",-,-,true,-,true,-,-,true,3.808 USD per Hour,6.752 USD per Hour
m5n.24xlarge,m5n,24xlarge,"us-west-2a, us-west-2b, us-west-2c",false,false,nitro,96,x86_64,48,"2,4,6,8,10,12,14,16,18,20,22,24,26,28,30,32,34,36,38,40,42,44,46,48",2,"1,2",3.1,393216,-,-,-,-,supported,default,100 Gigabit,required,15,50,50,true,"cluster, spread, partition",-,-,true,-,true,-,-,true,5.712 USD per Hour,10.128 USD per Hour
m5n.2xlarge,m5n,2xlarge,"us-west-2a, us-west-2b, us-west-2c",false,false,nitro,8,x86_64,4,"2,4",2,"1,2",3.1,32768,-,-,-,-,supported,default,Up to 25 Gigabit,required,4,15,15,true,"spread, cluster, partition",-,-,true,-,true,-,-,true,0.476 USD per Hour,0.844 USD per Hour
m5n.4xlarge,m5n,4xlarge,"us-west-2a, us-west-2b, us-west-2c",false,false,nitro,16,x86_64,8,"2,4,6,8",2,"1,2",3.1,65536,-,-,-,-,supported,default,Up to 25 Gigabit,required,8,30,30,true,"cluster, spread, partition",-,-,true,-,true,-,-,true,0.952 USD per Hour,1.688 USD per Hour
m5n.8xlarge,m5n,8xlarge,"us-west-2a, us-west-2b, us-west-2c",false,false,nitro,32,x86_64,16,"2,4,6,8,10,12,14,16",2,"1,2",3.1,131072,-,-,-,-,supported,default,25 Gigabit,required,8,30,30,true,"partition, spread, cluster",-,-,true,-,true,-,-,true,1.904 USD per Hour,3.376 USD per Hour
m5n.large,m5n,large,"us-west-2a, us-west-2b, us-west-2c",false,false,nitro,2,x86_64,1,1,2,"1,2",3.1,8192,-,-,-,-,supported,default,Up to 25 Gigabit,required,3,10,10,true,"cluster, spread, partition",-,-,true,-,true,-,-,true,0.119 USD per Hour,0.211 USD per Hour
m5n.xlarge,m5n,xlarge,"us-west-2a, us-west-2b, us-west-2c",false,false,nitro,4,x86_64,2,"1,2",2,"1,2",3.1,16384,-,-,-,-,supported,default,Up to 25 Gigabit,required,4,15,15,true,"cluster, spread, partition",-,-,true,-,true,-,-,true,0.238 USD per Hour,0.422 USD per Hour
p2.16xlarge,p2,16xlarge,"us-west-2a, us-west-2b, us-west-2c",false,false,xen,64,x86_64,32,"2,4,6,8,10,12,14,16,18,20,22,24,26,28,30,32",2,"1,2",2.3,749568,-,-,-,-,supported,default,25 Gigabit,supported,8,30,30,true,"spread, cluster, partition",16,-,true,-,true,-,-,true,14.4 USD per Hour,17.344 USD per Hour
p2.8xlarge,p2,8xlarge,"us-west-2a, us-west-2b, us-west-2c",false,false,xen,32,x86_64,16,"1,2,3,4,5,6,7,8,9,10,11,12,13,14,15,16",2,"1,2",2.7,499712,-,-,-,-,supported,default,10 Gigabit,supported,8,30,30,true,"partition, spread, cluster",8,-,true,-,true,-,-,true,7.2 USD per Hour,8.672 USD per Hour
p2.xlarge,p2,xlarge,"us-west-2a, us-west-2b, us-west-2c",false,false,xen,4,x86_64,2,"1,2",2,"1,2",2.7,62464,-,-,-,-,supported,default,High,supported,4,15,15,true,"spread, cluster, partition",1,-,true,-,true,-,-,true,0.9 USD per Hour,1.084 USD per Hour
p3.16xlarge,p3,16xlarge,"us-west-2a, us-west-2b, us-west-2c",false,false,xen,64,x86_64,32,"2,4,6,8,10,12,14,16,18,20,22,24,26,28,30,32",2,"1,2",2.7,499712,-,-,-,-,supported,default,25 Gigabit,supported,8,30,30,true,"spread, cluster, partition",8,-,true,-,true,-,-,true,24.48 USD per Hour,27.424 USD per Hour
p3.2xlarge,p3,2xlarge,"us-west-2a, us-west-2b, us-west-2c",false,false,xen,8,x86_64,4,"1,2,3,4",2,"1,2",2.7,62464,-,-,-,-,supported,default,Up to 10 Gigabit,supported,4,15,15,true,"partition, spread, cluster",1,-,true,-,true,-,-,true,3.06 USD per Hour,3.428 USD per Hour
p3.8xlarge,p3,8xlarge,"us-west-2a, us-west-2b, us-west-2c",false,false,xen,32,x86_64,16,"1,2,3,4,5,6,7,8,9,10,11,12,13,14,15,16",2,"1,2",2.7,249856,-,-,-,-,supported,default,10 Gigabit,supported,8,30,30,true,"spread, cluster, partition",4,-,true,-,true,-,-,true,12.24 USD per Hour,13.712 USD per Hour
p3dn.24xlarge,p3dn,24xlarge,"us-west-2b, us-west-2c",false,false,nitro,96,x86_64,48,"4,6,8,10,12,14,16,18,20,22,24,26,28,30,32,34,36,38,40,42,44,46,48",2,"1,2",2.5,786432,1800,true,ssd,1,supported,default,100 Gigabit,required,15,50,50,true,"spread, cluster, partition",8,-,-,-,true,-,-,true,31.212 USD per Hour,35.628 USD per Hour
r3.2xlarge,r3,2xlarge,"us-west-2a, us-west-2b, us-west-2c",false,false,xen,8,x86_64,4,"1,2,3,4",2,"1,2",2.5,62464,160,true,ssd,1,supported,supported,High,unsupported,4,15,15,true,"cluster, spread, partition",-,-,true,-,true,true,-,false,0.665 USD per Hour,1.045 USD per Hour
r3.4xlarge,r3,4xlarge,"us-west-2a, us-west-2b, us-west-2c",false,false,xen,16,x86_64,8,"1,2,3,4,5,6,7,8",2,"1,2",2.5,124928,320,true,ssd,1,supported,supported,High,unsupported,8,30,30,true,"cluster, spread, partition",-,-,true,-,true,true,-,false,1.33 USD per Hour,1.944 USD per Hour
r3.8xlarge,r3,8xlarge,"us-west-2a, us-west-2b, us-west-2c",false,false,xen,32,x86_64,16,"2,4,6,8,10,12,14,16",2,"1,2",2.5,249856,640,true,ssd,1,supported,unsupported,10 Gigabit,unsupported,8,30,30,true,"partition, spread, cluster",-,-,true,-,true,-,-,false,2.66 USD per Hour,3.5 USD per Hour
r3.large,r3,large,"us-west-2a, us-west-2b, us-west-2c",false,false,xen,2,x86_64,1,1,2,"1,2",2.5,15360,32,true,ssd,1,supported,unsupported,Moderate,unsupported,3,10,10,true,"partition, spread, cluster",-,-,true,-,true,true,-,false,0.166 USD per Hour,0.291 USD per Hour
r3.xlarge,r3,xlarge,"us-west-2a, us-west-2b, us-west-2c",false,false,xen,4,x86_64,2,"1,2",2,"1,2",2.5,31232,80,true,ssd,1,supported,supported,Moderate,unsupported,4,15,15,true,"cluster, spread, partition",-,-,true,-,true,true,-,false,0.333 USD per Hour,0.583 USD per Hour
r4.16xlarge,r4,16xlarge,"us-west-2a, us-west-2b, us-west-2c",false,false,xen,64,"x86_64, i386",32,"2,4,6,8,10,12,14,16,18,20,22,24,26,28,30,32",2,"1,2",2.3,499712,-,-,-,-,supported,default,25 Gigabit,supported,15,50,50,true,"partition, spread, cluster",-,-,true,-,true,-,-,true,4.256 USD per Hour,7.2 USD per Hour
r4.2xlarge,r4,2xlarge,"us-west-2a, us-west-2b, us-west-2c",false,false,xen,8,"x86_64, i386",4,"1,2,3,4",2,"1,2",2.3,62464,-,-,-,-,supported,default,Up to 10 Gigabit,supported,4,15,15,true,"cluster, spread, partition",-,-,true,-,true,true,-,true,0.532 USD per Hour,0.9 USD per Hour
r4.4xlarge,r4,4xlarge,"us-west-2a, us-west-2b, us-west-2c",false,false,xen,16,"x86_64, i386",8,"1,2,3,4,5,6,7,8",2,"1,2",2.3,124928,-,-,-,-,supported,default,Up to 10 Gigabit,supported,8,30,30,true,"spread, cluster, partition",-,-,true,-,true,true,-,true,1.064 USD per Hour,1.8 USD per Hour
r4.8xlarge,r4,8xlarge,"us-west-2a, us-west-2b, us-west-2c",false,false,xen,32,"x86_64, i386",16,"1,2,3,4,5,6,7,8,9,10,11,12,13,14,15,16",2,"1,2",2.3,249856,-,-,-,-,supported,default,10 Gigabit,supported,8,30,30,true,"cluster, spread, partition",-,-,true,-,true,-,-,true,2.128 USD per Hour,3.6 USD per Hour
r4.large,r4,large,"us-west-2a, us-west-2b, us-west-2c",false,false,xen,2,"x86_64, i386",1,1,2,"1,2",2.3,15616,-,-,-,-,supported,default,Up to 10 Gigabit,supported,3,10,10,true,"spread, cluster, partition",-,-,true,-,true,true,-,true,0.133 USD per Hour,0.225 USD per Hour
r4.xlarge,r4,xlarge,"us-west-2a, us-west-2b, us-west-2c",false,false,xen,4,"x86_64, i386",2,"1,2",2,"1,2",2.3,31232,-,-,-,-,supported,default,Up to 10 Gigabit,supported,4,15,15,true,"cluster, spread, partition",-,-,true,-,true,true,-,true,0.266 USD per Hour,0.45 USD per Hour
r5.12xlarge,r5,12xlarge,"us-west-2a, us-west-2b, us-west-2c, us-west-2d",false,false,nitro,48,x86_64,24,"2,4,6,8,10,12,14,16,18,20,22,24",2,"1,2",3.1,393216,-,-,-,-,supported,default,10 Gigabit,required,8,30,30,true,"cluster, spread, partition",-,-,true,-,true,-,-,true,3.024 USD per Hour,5.232 USD per Hour
r5.16xlarge,r5,16xlarge,"us-west-2a, us-west-2b, us-west-2c, us-west-2d",false,false,nitro,64,x86_64,32,"2,4,6,8,10,12,14,16,18,20,22,24,26,28,30,32",2,"1,2",3.1,524288,-,-,-,-,supported,default,20 Gigabit,required,15,50,50,true,"cluster, spread, partition",-,-,true,-,true,-,-,true,4.032 USD per Hour,6.976 USD per Hour
r5.24xlarge,r5,24xlarge,"us-west-2a, us-west-2b, us-west-2c, us-west-2d",false,false,nitro,96,x86_64,48,"4,6,8,10,12,14,16,18,20,22,24,26,28,30,32,34,36,38,40,42,44,46,48",2,"1,2",3.1,786432,-,-,-,-,supported,default,25 Gigabit,required,15,50,50,true,"partition, spread, cluster",-,-,true,-,true,-,-,true,6.048 USD per Hour,10.464 USD per Hour
r5.2xlarge,r5,2xlarge,"us-west-2a, us-west-2b, us-west-2c, us-west-2d",false,false,nitro,8,x86_64,4,"2,4",2,"1,2",3.1,65536,-,-,-,-,supported,default,Up to 10 Gigabit,required,4,15,15,true,"cluster, spread, partition",-,-,true,-,true,true,-,true,0.504 USD per Hour,0.872 USD per Hour
r5.4xlarge,r5,4xlarge,"us-west-2a, us-west-2b, us-west-2c, us-west-2d",false,false,nitro,16,x86_64,8,"2,4,6,8",2,"1,2",3.1,131072,-,-,-,-,supported,default,Up to 10 Gigabit,required,8,30,30,true,"partition, spread, cluster",-,-,true,-,true,true,-,true,1.008 USD per Hour,1.744 USD per Hour
r5.8xlarge,r5,8xlarge,"us-west-2a, us-west-2b, us-west-2c, us-west-2d",false,false,nitro,32,x86_64,16,"2,4,6,8,10,12,14,16",2,"1,2",3.1,262144,-,-,-,-,supported,default,10 Gigabit,required,8,30,30,true,"cluster, spread, partition",-,-,true,-,true,-,-,true,2.016 USD per Hour,3.488 USD per Hour
r5.large,r5,large,"us-west-2a, us-west-2b, us-west-2c, us-west-2d",false,false,nitro,2,x86_64,1,1,2,"1,2",3.1,16384,-,-,-,-,supported,default,Up to 10 Gigabit,required,3,10,10,true,"partition, spread, cluster",-,-,true,-,true,true,-,true,0.126 USD per Hour,0.218 USD per Hour
r5.metal,r5,metal,"us-west-2a, us-west-2b, us-west-2c, us-west-2d",false,true,,96,x86_64,-,-,-,-,3.1,786432,-,-,-,-,supported,default,25 Gigabit,required,15,50,50,true,"cluster, spread, partition",-,-,true,-,true,-,-,true,6.048 USD per Hour,10.464 USD per Hour
r5.xlarge,r5,xlarge,"us-west-2a, us-west-2b, us-west-2c, us-west-2d",false,false,nitro,4,x86_64,2,2,2,"1,2",3.1,32768,-,-,-,-,supported,default,Up to 10 Gigabit,required,4,15,15,true,"cluster, spread, partition",-,-,true,-,true,true,-,true,0.252 USD per Hour,0.436 USD per Hour
r5a.12xlarge,r5a,12xlarge,"us-west-2a, us-west-2b, us-west-2c, us-west-2d",false,false,nitro,48,x86_64,24,"6,12,18,24",2,"1,2",2.5,393216,-,-,-,-,supported,default,10 Gigabit,required,8,30,30,true,"partition, spread, cluster",-,-,true,-,true,-,-,true,2.712 USD per Hour,4.92 USD per Hour
r5a.16xlarge,r5a,16xlarge,"us-west-2a, us-west-2b, us-west-2c, us-west-2d",false,false,nitro,64,x86_64,32,"8,10,12,14,16,18,20,22,24,26,28,30,32",2,"1,2",2.5,524288,-,-,-,-,supported,default,12 Gigabit,required,15,50,50,true,"partition, spread, cluster",-,-,true,-,-,-,-,true,3.616 USD per Hour,6.56 USD per Hour
r5a.24xlarge,r5a,24xlarge,"us-west-2a, us-west-2b, us-west-2c, us-west-2d",false,false,nitro,96,x86_64,48,"12,18,24,36,48",2,"1,2",2.5,786432,-,-,-,-,supported,default,20 Gigabit,required,15,50,50,true,"spread, cluster, partition",-,-,true,-,true,-,-,true,5.424 USD per Hour,9.84 USD per Hour
r5a.2xlarge,r5a,2xlarge,"us-west-2a, us-west-2b, us-west-2c, us-west-2d",false,false,nitro,8,x86_64,4,"2,4",2,"1,2",2.5,65536,-,-,-,-,supported,default,Up to 10 Gigabit,required,4,15,15,true,"partition, spread, cluster",-,-,true,-,true,-,-,true,0.452 USD per Hour,0.82 USD per Hour
r5a.4xlarge,r5a,4xlarge,"us-west-2a, us-west-2b, us-west-2c, us-west-2d",false,false,nitro,16,x86_64,8,"2,4,6,8",2,"1,2",2.5,131072,-,-,-,-,supported,default,Up to 10 Gigabit,required,8,30,30,true,"cluster, spread, partition",-,-,true,-,true,-,-,true,0.904 USD per Hour,1.64 USD per Hour
r5a.8xlarge,r5a,8xlarge,"us-west-2a, us-west-2b, us-west-2c, us-west-2d",false,false,nitro,32,x86_64,16,"4,6,8,10,12,14,16",2,"1,2",2.5,262144,-,-,-,-,supported,default,Up to 10 Gigabit,required,8,30,30,true,"spread, cluster, partition",-,-,true,-,-,-,-,true,1.808 USD per Hour,3.28 USD per Hour
r5a.large,r5a,large,"us-west-2a, us-west-2b, us-west-2c, us-west-2d",false,false,nitro,2,x86_64,1,1,2,"1,2",2.5,16384,-,-,-,-,supported,default,Up to 10 Gigabit,required,3,10,10,true,"partition, spread, cluster",-,-,true,-,true,-,-,true,0.113 USD per Hour,0.205 USD per Hour
r5a.xlarge,r5a,xlarge,"us-west-2a, us-west-2b, us-west-2c, us-west-2d",false,false,nitro,4,x86_64,2,2,2,"1,2",2.5,32768,-,-,-,-,supported,default,Up to 10 Gigabit,required,4,15,15,true,"partition, spread, cluster",-,-,true,-,true,-,-,true,0.226 USD per Hour,0.41 USD per Hour
r5ad.12xlarge,r5ad,12xlarge,"us-west-2a, us-west-2b, us-west-2c, us-west-2d",false,false,nitro,48,x86_64,24,"6,12,18,24",2,"1,2",2.2,393216,1800,true,ssd,1,supported,default,10 Gigabit,required,8,30,30,true,"partition, spread, cluster",-,-,-,-,true,-,-,true,3.144 USD per Hour,5.352 USD per Hour
r5ad.16xlarge,r5ad,16xlarge,us-west-2d,false,false,nitro,64,x86_64,32,"8,10,12,14,16,18,20,22,24,26,28,30,32",2,"1,2",2.5,524288,2400,true,ssd,1,supported,default,12 Gigabit,required,15,50,50,true,"cluster, spread, partition",-,-,-,-,-,-,-,true,4.192 USD per Hour,7.136 USD per Hour
r5ad.24xlarge,r5ad,24xlarge,"us-west-2a, us-west-2b, us-west-2c, us-west-2d",false,false,nitro,96,x86_64,48,"12,18,24,36,48",2,"1,2",2.2,786432,3600,true,ssd,1,supported,default,20 Gigabit,required,15,50,50,true,"partition, spread, cluster",-,-,-,-,true,-,-,true,6.288 USD per Hour,10.704 USD per Hour
r5ad.2xlarge,r5ad,2xlarge,"us-west-2a, us-west-2b, us-west-2c, us-west-2d",false,false,nitro,8,x86_64,4,"2,4",2,"1,2",2.2,65536,300,true,ssd,1,supported,default,Up to 10 Gigabit,required,4,15,15,true,"cluster, spread, partition",-,-,-,-,true,-,-,true,0.524 USD per Hour,0.892 USD per Hour
r5ad.4xlarge,r5ad,4xlarge,"us-west-2a, us-west-2b, us-west-2c, us-west-2d",false,false,nitro,16,x86_64,8,"2,4,6,8",2,"1,2",2.2,131072,600,true,ssd,1,supported,default,Up to 10 Gigabit,required,8,30,30,true,"spread, cluster, partition",-,-,-,-,true,-,-,true,1.048 USD per Hour,1.784 USD per Hour
r5ad.8xlarge,r5ad,8xlarge,us-west-2d,false,false,nitro,32,x86_64,16,"4,6,8,10,12,14,16",2,"1,2",2.5,262144,1200,true,ssd,1,supported,default,Up to 10 Gigabit,required,8,30,30,true,"partition, spread, cluster",-,-,-,-,-,-,-,true,2.096 USD per Hour,3.568 USD per Hour
r5ad.large,r5ad,large,"us-west-2a, us-west-2b, us-west-2c, us-west-2d",false,false,nitro,2,x86_64,1,1,2,"1,2",2.2,16384,75,true,ssd,1,supported,default,Up to 10 Gigabit,required,3,10,10,true,"cluster, spread, partition",-,-,-,-,true,-,-,true,0.131 USD per Hour,0.223 USD per Hour
r5ad.xlarge,r5ad,xlarge,"us-west-2a, us-west-2b, us-west-2c, us-west-2d",false,false,nitro,4,x86_64,2,2,2,"1,2",2.2,32768,150,true,ssd,1,supported,default,Up to 10 Gigabit,required,4,15,15,true,"cluster, spread, partition",-,-,-,-,true,-,-,true,0.262 USD per Hour,0.446 USD per Hour
r5d.12xlarge,r5d,12xlarge,"us-west-2a, us-west-2b, us-west-2c, us-west-2d",false,false,nitro,48,x86_64,24,"2,4,6,8,10,12,14,16,18,20,22,24",2,"1,2",3.1,393216,1800,true,ssd,1,supported,default,10 Gigabit,required,8,30,30,true,"spread, cluster, partition",-,-,-,-,true,-,-,true,3.456 USD per Hour,5.664 USD per Hour
r5d.16xlarge,r5d,16xlarge,"us-west-2a, us-west-2b, us-west-2c, us-west-2d",false,false,nitro,64,x86_64,32,"2,4,6,8,10,12,14,16,18,20,22,24,26,28,30,32",2,"1,2",3.1,524288,2400,true,ssd,1,supported,default,20 Gigabit,required,15,50,50,true,"cluster, spread, partition",-,-,-,-,true,-,-,true,4.608 USD per Hour,7.552 USD per Hour
r5d.24xlarge,r5d,24xlarge,"us-west-2a, us-west-2b, us-west-2c, us-west-2d",false,false,nitro,96,x86_64,48,"4,6,8,10,12,14,16,18,20,22,24,26,28,30,32,34,36,38,40,42,44,46,48",2,"1,2",3.1,786432,3600,true,ssd,1,supported,default,25 Gigabit,required,15,50,50,true,"cluster, spread, partition",-,-,-,-,true,-,-,true,6.912 USD per Hour,11.328 USD per Hour
r5d.2xlarge,r5d,2xlarge,"us-west-2a, us-west-2b, us-west-2c, us-west-2d",false,false,nitro,8,x86_64,4,"2,4",2,"1,2",3.1,65536,300,true,ssd,1,supported,default,Up to 10 Gigabit,required,4,15,15,true,"cluster, spread, partition",-,-,-,-,true,-,-,true,0.576 USD per Hour,0.944 USD per Hour
r5d.4xlarge,r5d,4xlarge,"us-west-2a, us-west-2b, us-west-2c, us-west-2d",false,false,nitro,16,x86_64,8,"2,4,6,8",2,"1,2",3.1,131072,600,true,ssd,1,supported,default,Up to 10 Gigabit,required,8,30,30,true,"partition, spread, cluster",-,-,-,-,true,-,-,true,1.152 USD per Hour,1.888 USD per Hour
r5d.8xlarge,r5d,8xlarge,"us-west-2a, us-west-2b, us-west-2c, us-west-2d",false,false,nitro,32,x86_64,16,"2,4,6,8,10,12,14,16",2,"1,2",3.1,262144,1200,true,ssd,1,supported,default,10 Gigabit,required,8,30,30,true,"cluster, spread, partition",-,-,-,-,true,-,-,true,2.304 USD per Hour,3.776 USD per Hour
r5d.large,r5d,large,"us-west-2a, us-west-2b, us-west-2c, us-west-2d",false,false,nitro,2,x86_64,1,1,2,"1,2",3.1,16384,75,true,ssd,1,supported,default,Up to 10 Gigabit,required,3,10,10,true,"cluster, spread, partition",-,-,-,-,true,-,-,true,0.144 USD per Hour,0.236 USD per Hour
r5d.metal,r5d,metal,"us-west-2a, us-west-2b, us-west-2c",false,true,,96,x86_64,-,-,-,-,3.1,786432,3600,true,ssd,1,supported,default,25 Gigabit,required,15,50,50,true,"cluster, spread, partition",-,-,-,-,true,-,-,true,6.912 USD per Hour,11.328 USD per Hour
r5d.xlarge,r5d,xlarge,"us-west-2a, us-west-2b, us-west-2c, us-west-2d",false,false,nitro,4,x86_64,2,2,2,"1,2",3.1,32768,150,true,ssd,1,supported,default,Up to 10 Gigabit,required,4,15,15,true,"cluster, spread, partition",-,-,-,-,true,-,-,true,0.288 USD per Hour,0.472 USD per Hour
r5dn.12xlarge,r5dn,12xlarge,"us-west-2a, us-west-2b, us-west-2c",false,false,nitro,48,x86_64,24,"2,4,6,8,10,12,14,16,18,20,22,24",2,"1,2",3.1,393216,1800,true,ssd,1,supported,default,50 Gigabit,required,8,30,30,true,"cluster, spread, partition",-,-,-,-,true,-,-,true,4.008 USD per Hour,6.216 USD per Hour
r5dn.16xlarge,r5dn,16xlarge,"us-west-2a, us-west-2b, us-west-2c",false,false,nitro,64,x86_64,32,"2,4,6,8,10,12,14,16,18,20,22,24,26,28,30,32",2,"1,2",3.1,524288,2400,true,ssd,1,supported,default,75 Gigabit,required,15,50,50,true,"cluster, spread, partition",-,-,-,-,true,-,-,true,5.344 USD per Hour,8.288 USD per Hour
r5dn.24xlarge,r5dn,24xlarge,"us-west-2a, us-west-2b, us-west-2c",false,false,nitro,96,x86_64,48,"2,4,6,8,10,12,14,16,18,20,22,24,26,28,30,32,34,36,38,40,42,44,46,48",2,"1,2",3.1,786432,3600,true,ssd,1,supported,default,100 Gigabit,required,15,50,50,true,"spread, cluster, partition",-,-,-,-,true,-,-,true,8.016 USD per Hour,12.432 USD per Hour
r5dn.2xlarge,r5dn,2xlarge,"us-west-2a, us-west-2b, us-west-2c",false,false,nitro,8,x86_64,4,"2,4",2,"1,2",3.1,65536,300,true,ssd,1,supported,default,Up to 25 Gigabit,required,4,15,15,true,"spread, cluster, partition",-,-,-,-,true,-,-,true,0.668 USD per Hour,1.036 USD per Hour
r5dn.4xlarge,r5dn,4xlarge,"us-west-2a, us-west-2b, us-west-2c",false,false,nitro,16,x86_64,8,"2,4,6,8",2,"1,2",3.1,131072,600,true,ssd,1,supported,default,Up to 25 Gigabit,required,8,30,30,true,"spread, cluster, partition",-,-,-,-,true,-,-,true,1.336 USD per Hour,2.072 USD per Hour
r5dn.8xlarge,r5dn,8xlarge,"us-west-2a, us-west-2b, us-west-2c",false,false,nitro,32,x86_64,16,"2,4,6,8,10,12,14,16",2,"1,2",3.1,262144,1200,true,ssd,1,supported,default,25 Gigabit,required,8,30,30,true,"partition, spread, cluster",-,-,-,-,true,-,-,true,2.672 USD per Hour,4.144 USD per Hour
r5dn.large,r5dn,large,"us-west-2a, us-west-2b, us-west-2c",false,false,nitro,2,x86_64,1,1,2,"1,2",3.1,16384,75,true,ssd,1,supported,default,Up to 25 Gigabit,required,3,10,10,true,"cluster, spread, partition",-,-,-,-,true,-,-,true,0.167 USD per Hour,0.259 USD per Hour
r5dn.xlarge,r5dn,xlarge,"us-west-2a, us-west-2b, us-west-2c",false,false,nitro,4,x86_64,2,"1,2",2,"1,2",3.1,32768,150,true,ssd,1,supported,default,Up to 25 Gigabit,required,4,15,15,true,"cluster, spread, partition",-,-,-,-,true,-,-,true,0.334 USD per Hour,0.518 USD per Hour
r5n.12xlarge,r5n,12xlarge,"us-west-2a, us-west-2b, us-west-2c",false,false,nitro,48,x86_64,24,"2,4,6,8,10,12,14,16,18,20,22,24",2,"1,2",3.1,393216,-,-,-,-,supported,default,50 Gigabit,required,8,30,30,true,"partition, spread, cluster",-,-,true,-,true,-,-,true,3.576 USD per Hour,5.784 USD per Hour
r5n.16xlarge,r5n,16xlarge,"us-west-2a, us-west-2b, us-west-2c",false,false,nitro,64,x86_64,32,"2,4,6,8,10,12,14,16,18,20,22,24,26,28,30,32",2,"1,2",3.1,524288,-,-,-,-,supported,default,75 Gigabit,required,15,50,50,true,"cluster, spread, partition",-,-,true,-,true,-,-,true,4.768 USD per Hour,7.712 USD per Hour
r5n.24xlarge,r5n,24xlarge,"us-west-2a, us-west-2b, us-west-2c",false,false,nitro,96,x86_64,48,"2,4,6,8,10,12,14,16,18,20,22,24,26,28,30,32,34,36,38,40,42,44,46,48",2,"1,2",3.1,786432,-,-,-,-,supported,default,100 Gigabit,required,15,50,50,true,"cluster, spread, partition",-,-,true,-,true,-,-,true,7.152 USD per Hour,11.568 USD per Hour
r5n.2xlarge,r5n,2xlarge,"us-west-2a, us-west-2b, us-west-2c",false,false,nitro,8,x86_64,4,"2,4",2,"1,2",3.1,65536,-,-,-,-,supported,default,Up to 25 Gigabit,required,4,15,15,true,"cluster, spread, partition",-,-,true,-,true,-,-,true,0.596 USD per Hour,0.964 USD per Hour
r5n.4xlarge,r5n,4xlarge,"us-west-2a, us-west-2b, us-west-2c",false,false,nitro,16,x86_64,8,"2,4,6,8",2,"1,2",3.1,131072,-,-,-,-,supported,default,Up to 25 Gigabit,required,8,30,30,true,"partition, spread, cluster",-,-,true,-,true,-,-,true,1.192 USD per Hour,1.928 USD per Hour
r5n.8xlarge,r5n,8xlarge,"us-west-2a, us-west-2b, us-west-2c",false,false,nitro,32,x86_64,16,"2,4,6,8,10,12,14,16",2,"1,2",3.1,262144,-,-,-,-,supported,default,25 Gigabit,required,8,30,30,true,"spread, cluster, partition",-,-,true,-,true,-,-,true,2.384 USD per Hour,3.856 USD per Hour
r5n.large,r5n,large,"us-west-2a, us-west-2b, us-west-2c",false,false,nitro,2,x86_64,1,1,2,"1,2",3.1,16384,-,-,-,-,supported,default,Up to 25 Gigabit,required,3,10,10,true,"spread, cluster, partition",-,-,true,-,true,-,-,true,0.149 USD per Hour,0.241 USD per Hour
r5n.xlarge,r5n,xlarge,"us-west-2a, us-west-2b, us-west-2c",false,false,nitro,4,x86_64,2,"1,2",2,"1,2",3.1,32768,-,-,-,-,supported,default,Up to 25 Gigabit,required,4,15,15,true,"cluster, spread, partition",-,-,true,-,true,-,-,true,0.298 USD per Hour,0.482 USD per Hour
t1.micro,t1,micro,"us-west-2a, us-west-2b, us-west-2c",true,false,xen,1,"x86_64, i386",1,1,1,1,,627,-,-,-,-,unsupported,unsupported,Very Low,unsupported,2,2,-,-,"partition, spread",-,-,-,-,-,-,-,false,0.02 USD per Hour,0.02 USD per Hour
t2.2xlarge,t2,2xlarge,"us-west-2a, us-west-2b, us-west-2c",false,false,xen,8,"x86_64, i386",8,"1,2,3,4,5,6,7,8",1,1,2.3,32768,-,-,-,-,supported,unsupported,Moderate,unsupported,3,15,15,true,"partition, spread",-,-,true,-,-,-,true,true,0.3712 USD per Hour,0.4332 USD per Hour
t2.large,t2,large,"us-west-2a, us-west-2b, us-west-2c",false,false,xen,2,"x86_64, i386",2,"1,2",1,1,2.3,8192,-,-,-,-,supported,unsupported,Low to Moderate,unsupported,3,12,12,true,"partition, spread",-,-,true,-,-,-,true,true,0.0928 USD per Hour,0.1208 USD per Hour
t2.medium,t2,medium,"us-west-2a, us-west-2b, us-west-2c",false,false,xen,2,"x86_64, i386",2,"1,2",1,1,2.3,4096,-,-,-,-,supported,unsupported,Low to Moderate,unsupported,3,6,6,true,"spread, partition",-,-,true,-,-,-,true,true,0.0464 USD per Hour,0.0644 USD per Hour
t2.micro,t2,micro,"us-west-2a, us-west-2b, us-west-2c",true,false,xen,1,"x86_64, i386",1,1,1,1,2.5,1024,-,-,-,-,supported,unsupported,Low to Moderate,unsupported,2,2,2,true,"spread, partition",-,-,true,-,-,-,true,true,0.0116 USD per Hour,0.0162 USD per Hour
t2.nano,t2,nano,"us-west-2a, us-west-2b, us-west-2c",false,false,xen,1,"x86_64, i386",1,1,1,1,2.4,512,-,-,-,-,supported,unsupported,Low to Moderate,unsupported,2,2,2,true,"spread, partition",-,-,true,-,-,-,true,true,0.0058 USD per Hour,0.0081 USD per Hour
t2.small,t2,small,"us-west-2a, us-west-2b, us-west-2c",false,false,xen,1,"x86_64, i386",1,1,1,1,2.5,2048,-,-,-,-,supported,unsupported,Low to Moderate,unsupported,3,4,4,true,"spread, partition",-,-,true,-,-,-,true,true,0.023 USD per Hour,0.032 USD per Hour
t2.xlarge,t2,xlarge,"us-west-2a, us-west-2b, us-west-2c",false,false,xen,4,"x86_64, i386",4,"1,2,3,4",1,1,2.3,16384,-,-,-,-,supported,unsupported,Moderate,unsupported,3,15,15,true,"spread, partition",-,-,true,-,-,-,true,true,0.1856 USD per Hour,0.2266 USD per Hour
t3.2xlarge,t3,2xlarge,"us-west-2a, us-west-2b, us-west-2c, us-west-2d",false,false,nitro,8,x86_64,4,"2,4",2,"1,2",2.5,32768,-,-,-,-,supported,default,Up to 5 Gigabit,required,4,15,15,true,"partition, spread",-,-,true,-,true,-,true,true,0.3328 USD per Hour,0.48 USD per Hour
t3.large,t3,large,"us-west-2a, us-west-2b, us-west-2c, us-west-2d",false,false,nitro,2,x86_64,1,1,2,"1,2",2.5,8192,-,-,-,-,supported,default,Up to 5 Gigabit,required,3,12,12,true,"partition, spread",-,-,true,-,true,-,true,true,0.0832 USD per Hour,0.1108 USD per Hour
t3.medium,t3,medium,"us-west-2a, us-west-2b, us-west-2c, us-west-2d",false,false,nitro,2,x86_64,1,1,2,"1,2",2.5,4096,-,-,-,-,supported,default,Up to 5 Gigabit,required,3,6,6,true,"partition, spread",-,-,true,-,true,-,true,true,0.0416 USD per Hour,0.06 USD per Hour
t3.micro,t3,micro,"us-west-2a, us-west-2b, us-west-2c, us-west-2d",false,false,nitro,2,x86_64,1,1,2,"1,2",2.5,1024,-,-,-,-,supported,default,Up to 5 Gigabit,required,2,2,2,true,"spread, partition",-,-,true,-,true,-,true,true,0.0104 USD per Hour,0.0196 USD per Hour
t3.nano,t3,nano,"us-west-2a, us-west-2b, us-west-2c, us-west-2d",false,false,nitro,2,x86_64,1,1,2,"1,2",2.5,512,-,-,-,-,supported,default,Up to 5 Gigabit,required,2,2,2,true,"spread, partition",-,-,true,-,true,-,true,true,0.0052 USD per Hour,0.0098 USD per Hour
t3.small,t3,small,"us-west-2a, us-west-2b, us-west-2c, us-west-2d",false,false,nitro,2,x86_64,1,1,2,"1,2",2.5,2048,-,-,-,-,supported,default,Up to 5 Gigabit,required,3,4,4,true,"spread, partition",-,-,true,-,true,-,true,true,0.0208 USD per Hour,0.0392 USD per Hour
t3.xlarge,t3,xlarge,"us-west-2a, us-west-2b, us-west-2c, us-west-2d",false,false,nitro,4,x86_64,2,2,2,"1,2",2.5,16384,-,-,-,-,supported,default,Up to 5 Gigabit,required,4,15,15,true,"partition, spread",-,-,true,-,true,-,true,true,0.1664 USD per Hour,0.24 USD per Hour
t3a.2xlarge,t3a,2xlarge,"us-west-2a, us-west-2b, us-west-2c, us-west-2d",false,false,nitro,8,x86_64,4,"2,4",2,"1,2",2.2,32768,-,-,-,-,supported,default,Up to 5 Gigabit,required,4,15,15,true,"partition, spread",-,-,true,-,-,-,true,true,0.3008 USD per Hour,0.448 USD per Hour
t3a.large,t3a,large,"us-west-2a, us-west-2b, us-west-2c, us-west-2d",false,false,nitro,2,x86_64,1,1,2,"1,2",2.2,8192,-,-,-,-,supported,default,Up to 5 Gigabit,required,3,12,12,true,"spread, partition",-,-,true,-,-,-,true,true,0.0752 USD per Hour,0.1028 USD per Hour
t3a.medium,t3a,medium,"us-west-2a, us-west-2b, us-west-2c, us-west-2d",false,false,nitro,2,x86_64,1,1,2,"1,2",2.2,4096,-,-,-,-,supported,default,Up to 5 Gigabit,required,3,6,6,true,"partition, spread",-,-,true,-,-,-,true,true,0.0376 USD per Hour,0.056 USD per Hour
t3a.micro,t3a,micro,"us-west-2a, us-west-2b, us-west-2c, us-west-2d",false,false,nitro,2,x86_64,1,1,2,"1,2",2.2,1024,-,-,-,-,supported,default,Up to 5 Gigabit,required,2,2,2,true,"spread, partition",-,-,true,-,-,-,true,true,0.0094 USD per Hour,0.0186 USD per Hour
t3a.nano,t3a,nano,"us-west-2a, us-west-2b, us-west-2c, us-west-2d",false,false,nitro,2,x86_64,1,1,2,"1,2",2.2,512,-,-,-,-,supported,default,Up to 5 Gigabit,required,2,2,2,true,"spread, partition",-,-,true,-,-,-,true,true,0.0047 USD per Hour,0.0093 USD per Hour
t3a.small,t3a,small,"us-west-2a, us-west-2b, us-west-2c, us-west-2d",false,false,nitro,2,x86_64,1,1,2,"1,2",2.2,2048,-,-,-,-,supported,default,Up to 5 Gigabit,required,2,4,4,true,"partition, spread",-,-,true,-,-,-,true,true,0.0188 USD per Hour,0.0372 USD per Hour
t3a.xlarge,t3a,xlarge,"us-west-2a, us-west-2b, us-west-2c, us-west-2d",false,false,nitro,4,x86_64,2,2,2,"1,2",2.2,16384,-,-,-,-,supported,default,Up to 5 Gigabit,required,4,15,15,true,"spread, partition",-,-,true,-,-,-,true,true,0.1504 USD per Hour,0.224 USD per Hour
x1.16xlarge,x1,16xlarge,"us-west-2a, us-west-2b, us-west-2c",false,false,xen,64,x86_64,32,"2,4,6,8,10,12,14,16,18,20,22,24,26,28,30,32",2,"1,2",2.3,999424,1920,true,ssd,1,supported,default,10 Gigabit,supported,8,30,30,true,"partition, spread, cluster",-,-,true,-,true,-,-,true,6.669 USD per Hour,9.613 USD per Hour
x1.32xlarge,x1,32xlarge,"us-west-2a, us-west-2b, us-west-2c",false,false,xen,128,x86_64,64,"4,8,12,16,20,24,28,32,36,40,44,48,52,56,60,64",2,"1,2",2.3,1998848,3840,true,ssd,1,supported,default,25 Gigabit,supported,8,30,30,true,"spread, cluster, partition",-,-,true,-,true,-,-,true,13.338 USD per Hour,19.226 USD per Hour
x1e.16xlarge,x1e,16xlarge,"us-west-2a, us-west-2b",false,false,xen,64,x86_64,32,"2,4,6,8,10,12,14,16,18,20,22,24,26,28,30,32",2,"1,2",2.3,1998848,1920,true,ssd,1,supported,default,10 Gigabit,supported,8,30,30,true,"cluster, spread, partition",-,-,true,-,true,-,-,true,13.344 USD per Hour,16.288 USD per Hour
x1e.2xlarge,x1e,2xlarge,"us-west-2a, us-west-2b",false,false,xen,8,x86_64,4,"1,2,3,4",2,"1,2",2.3,249856,240,true,ssd,1,supported,default,Up to 10 Gigabit,supported,4,15,15,true,"partition, spread, cluster",-,-,true,-,true,-,-,true,1.668 USD per Hour,2.036 USD per Hour
x1e.32xlarge,x1e,32xlarge,"us-west-2a, us-west-2b",false,false,xen,128,x86_64,64,"4,8,12,16,20,24,28,32,36,40,44,48,52,56,60,64",2,"1,2",2.3,3997696,3840,true,ssd,1,supported,default,25 Gigabit,supported,8,30,30,true,"partition, spread, cluster",-,-,true,-,true,-,-,true,26.688 USD per Hour,32.576 USD per Hour
x1e.4xlarge,x1e,4xlarge,"us-west-2a, us-west-2b",false,false,xen,16,x86_64,8,"1,2,3,4,5,6,7,8",2,"1,2",2.3,499712,480,true,ssd,1,supported,default,Up to 10 Gigabit,supported,4,15,15,true,"spread, cluster, partition",-,-,true,-,true,-,-,true,3.336 USD per Hour,4.072 USD per Hour
x1e.8xlarge,x1e,8xlarge,"us-west-2a, us-west-2b",false,false,xen,32,x86_64,16,"1,2,3,4,5,6,7,8,9,10,11,12,13,14,15,16",2,"1,2",2.3,999424,960,true,ssd,1,supported,default,Up to 10 Gigabit,supported,4,15,15,true,"partition, spread, cluster",-,-,true,-,true,-,-,true,6.672 USD per Hour,8.144 USD per Hour
x1e.xlarge,x1e,xlarge,"us-west-2a, us-west-2b",false,false,xen,4,x86_64,2,"1,2",2,"1,2",2.3,124928,120,true,ssd,1,supported,default,Up to 10 Gigabit,supported,3,10,10,true,"spread, cluster, partition",-,-,true,-,true,-,-,true,0.834 USD per Hour,1.018 USD per Hour
z1d.12xlarge,z1d,12xlarge,"us-west-2a, us-west-2b, us-west-2c",false,false,nitro,48,x86_64,24,"4,6,8,10,12,14,16,18,20,22,24",2,"1,2",4,393216,1800,true,ssd,1,supported,default,25 Gigabit,required,15,50,50,true,"cluster, spread, partition",-,-,-,-,true,-,-,true,4.464 USD per Hour,6.672 USD per Hour
z1d.2xlarge,z1d,2xlarge,"us-west-2a, us-west-2b, us-west-2c",false,false,nitro,8,x86_64,4,"2,4",2,"1,2",4,65536,300,true,ssd,1,supported,default,Up to 10 Gigabit,required,4,15,15,true,"partition, spread, cluster",-,-,-,-,true,-,-,true,0.744 USD per Hour,1.112 USD per Hour
z1d.3xlarge,z1d,3xlarge,"us-west-2a, us-west-2b, us-west-2c",false,false,nitro,12,x86_64,6,"2,4,6",2,"1,2",4,98304,450,true,ssd,1,supported,default,Up to 10 Gigabit,required,8,30,30,true,"spread, cluster, partition",-,-,-,-,true,-,-,true,1.116 USD per Hour,1.668 USD per Hour
z1d.6xlarge,z1d,6xlarge,"us-west-2a, us-west-2b, us-west-2c",false,false,nitro,24,x86_64,12,"2,4,6,8,10,12",2,"1,2",4,196608,900,true,ssd,1,supported,default,10 Gigabit,required,8,30,30,true,"cluster, spread, partition",-,-,-,-,true,-,-,true,2.232 USD per Hour,3.336 USD per Hour
z1d.large,z1d,large,"us-west-2a, us-west-2b, us-west-2c",false,false,nitro,2,x86_64,1,1,2,"1,2",4,16384,75,true,ssd,1,supported,default,Up to 10 Gigabit,required,3,10,10,true,"cluster, spread, partition",-,-,-,-,true,-,-,true,0.186 USD per Hour,0.278 USD per Hour
z1d.metal,z1d,metal,"us-west-2a, us-west-2b, us-west-2c",false,true,,48,x86_64,-,-,-,-,4,393216,1800,true,ssd,1,supported,default,25 Gigabit,required,15,50,50,true,"cluster, spread, partition",-,-,-,-,true,-,-,true,4.464 USD per Hour,6.672 USD per Hour
z1d.xlarge,z1d,xlarge,"us-west-2a, us-west-2b, us-west-2c",false,false,nitro,4,x86_64,2,"1,2",2,"1,2",4,32768,150,true,ssd,1,supported,default,Up to 10 Gigabit,required,4,15,15,true,"partition, spread, cluster",-,-,-,-,true,-,-,true,0.372 USD per Hour,0.556 USD per Hour
